Name,Minimum,Coverage,Variant Frequency
AG,1650,7,100.00%
CTG,22699,88,33.00%
CAG,22711,88,62.50%
CTG,23516,5,40.00%
CAG,23528,5,60.00%
CT,35516,91 -> 129,34.9% -> 49.5%
T,35518,129,29.50%
CA,35528,129,34.90%
G,40173,100,83.00%
C,42981,12,66.70%
G,42983,12,66.70%
CAG,42993,12,33.30%
CTG,48875,9,66.70%
CAG,48887,9,33.30%
CTG,49455,34,61.80%
CAG,49467,34,38.20%
CTG,50419,5,100.00%
TG,52279,56,42.90%
CAG,52290,56,57.10%
CT,54940,253,47.00%
CAG,54952,253,52.60%
C,63366,25,52.00%
G,63368,25,52.00%
CAG,63378,25,36.00%
C,64258,8,75.00%
C,64532,245,46.50%
CAG,64544,245,53.50%
T,65661,113,60.20%
C,65672,113,39.80%
C,66132,6,50.00%
G,66134,6,50.00%
CAG,66144,6,50.00%
CTG,66992,112,33.00%
CAG,67004,112,66.10%
C,67221,5,60.00%
G,67223,5,60.00%
CAG,67233,5,40.00%
CTG,68529,5,80.00%
C,74018,146,45.20%
G,74020,146,45.20%
CAG,74030,146,54.10%
CTG,74718,5,60.00%
CAG,74730,5,40.00%
TG,79121,73,35.60%
C,79132,73,64.40%
CTG,79165,41,36.60%
CTG,83547,111,27.00%
CAG,83559,111,73.00%
C,86575,94,46.80%
C,86587,94,53.20%
CT,104671,10,60.00%
CA,104683,10,40.00%
CTG,108982,41,61.00%
C,108994,41,39.00%
G,108996,41,39.00%
CAG,113194,74,39.20%
G,115107,49,61.20%
CAG,115117,49,38.80%
C,115367,7,42.90%
G,115369,7,42.90%
CAG,115379,7,57.10%
CTG,150692,15,26.70%
C,150704,15,46.70%
G,150706,15,46.70%
CTG,150751,11,36.40%
C,150763,11,27.30%
G,150765,11,27.30%
CTG,153347,238,55.50%
CAG,153359,238,44.50%
CTG,171217,54,100.00%
CAG,179435,5,80.00%
TG,179886,42,54.80%
CAG,179897,42,45.20%
T,180116,94,51.10%
CAG,180127,94,48.90%
CTG,180550,29,62.10%
CAG,180562,30,33.30%
CTG,181197,8,25.00%
CTG,181263,9,33.30%
CAG,181275,9,55.60%
CTG,186596,27,59.30%
CAG,186608,27,40.70%
C,188545,12,66.70%
G,188547,12,66.70%
CAG,188558,12,33.30%
CTG,192559,397,30.20%
CAG,192571,397,69.80%
CT,193294,11,63.60%
CTG,193525,62 -> 63,39.7% -> 40.3%
CA,193537,62,59.70%
T,196720,23,30.40%
CT,196878,182,44.50%
CAG,196890,181,44.80%
CTG,197507,149,35.60%
CAG,197519,149,64.40%
CTG,203599,13,53.80%
C,203611,13,46.20%
G,203613,13,46.20%
CT,206478,77,98.70%
CT,211554,5,100.00%
CTG,214300,30,60.00%
C,214312,30,40.00%
G,214314,30,40.00%
CTG,216531,71,54.90%
C,216543,71,45.10%
G,216545,71,45.10%
CTG,220569,53,90.60%
G,222303,30,50.00%
CA,222313,30,50.00%
AG,224465,52,96.20%
CTG,224691,139,51.10%
CAG,224703,139,48.90%
C,227387,6,100.00%
G,227389,6,100.00%
CT,227804,6,50.00%
CAG,227816,6,50.00%
CTG,229278,50,34.00%
CAG,229289,50,66.00%
CTG,230530,13,61.50%
CTG,230577,26,50.00%
C,232529,38,42.10%
G,232531,38,42.10%
TG,232535,115,67.00%
TG,233354,62,66.10%
CAG,233365,62,33.90%
CTG,234689,66,72.70%
AG,234702,66,27.30%
CTG,235121,31,51.60%
AG,235134,31,48.40%
TG,235418,30,70.00%
CAG,235429,30,30.00%
CT,238009,60,100.00%
CTG,238977,10,70.00%
G,238991,10,30.00%
AG,240935,7,85.70%
CT,241822,91,35.20%
C,241834,91,64.80%
G,241836,91,64.80%
C,242189,63,33.30%
G,242191,63,33.30%
CAG,242201,63,66.70%
C,245421,15,100.00%
G,245423,15,100.00%
CTG,247857,15 -> 17,47.1% -> 53.3%
CAG,247999,58,96.60%
CTG,248899,155,59.40%
CA,248911,161,35.40%
C,249115,266,49.20%
G,249117,266,48.50%
C,249127,265,48.30%
G,249129,265,48.30%
TG,253188,203,39.90%
C,253199,203,60.10%
G,253201,203,60.10%
CAG,256152,20,100.00%
CTG,256649,14,100.00%
CA,260084,6,100.00%
TG,261779,32,56.30%
CAG,261790,32,43.80%
AG,262115,8,100.00%
CT,264676,89,56.20%
C,264688,89,43.80%
G,264690,89,43.80%
CAG,264910,8,87.50%
CTG,266773,142,47.90%
CAG,266851,188,47.30%
CTG,267257,16,31.30%
C,267269,16,68.80%
G,267271,16,68.80%
C,268992,140,67.10%
G,268994,140,67.10%
AG,269005,140,32.90%
T,270167,5,40.00%
CTG,270322,46,32.60%
AG,270335,46,63.00%
CTG,271174,20,60.00%
CAG,271186,20,30.00%
CTG,271434,15,53.30%
CA,271446,15,46.70%
C,272080,7,71.40%
G,272082,7,71.40%
CTG,272154,11 -> 12,33.3% -> 36.4%
T,273408,147,48.30%
CAG,273419,147,51.70%
G,273672,17,35.30%
CAG,273682,16,62.50%
TG,274896,168,51.20%
CAG,274907,168,48.80%
CTG,275318,100,53.00%
TG,277578,92,51.10%
C,277589,92,47.80%
CTG,279158,14,42.90%
CAG,279170,14,57.10%
CTG,280132,25,36.00%
CAG,280144,25,64.00%
CT,280494,12,83.30%
CTG,285800,94,70.20%
CAG,285812,94,29.80%
C,287165,176,45.50%
AG,287178,176,54.50%
CTG,287939,37,35.10%
CAG,287951,37,62.20%
CTG,290258,249,68.70%
CTG,290365,358 -> 359,29.0% -> 29.1%
AG,290378,346,36.40%
CTG,294016,9,100.00%
CT,294881,36,44.40%
AG,294894,36,55.60%
C,296851,112,42.00%
G,296853,112,42.00%
A,296864,112,58.00%
T,297741,21,100.00%
CTG,300166,88,59.10%
G,300180,88,37.50%
C,302482,7,100.00%
G,302484,7,100.00%
CAG,303336,14,100.00%
CTG,305221,25,100.00%
C,305669,100,50.00%
G,305671,100,50.00%
CTG,305703,123,36.60%
CTG,308966,12,75.00%
CT,310069,7,71.40%
CT,311591,342,60.50%
CA,311603,342,39.50%
CA,313710,51,100.00%
CTG,314353,94,57.40%
CA,314365,94,42.60%
CTG,316153,51,27.50%
CAG,316165,51,68.60%
C,316781,7,42.90%
G,316783,7,42.90%
AG,316794,7,57.10%
G,317093,180,70.00%
CAG,317103,180,30.00%
CTG,317680,84,89.30%
CTG,318352,31,51.60%
CAG,318364,31,48.40%
CTG,319947,15,73.30%
CAG,319959,15,26.70%
AG,323075,6,83.30%
CT,323352,245,48.20%
CAG,323364,245,51.80%
CA,323944,13,69.20%
TG,324019,24,70.80%
CAG,324030,24,25.00%
CTG,324409,40,57.50%
CAG,324421,40,42.50%
CTG,325060,18,44.40%
G,325074,18,44.40%
C,326560,6,66.70%
G,326562,6,66.70%
CA,326572,7,28.60%
CTG,328081,11,36.40%
CAG,328093,11,63.60%
CTG,328441,102,64.70%
C,328453,102,25.50%
G,328455,102,25.50%
TG,330589,83,61.40%
CAG,330600,83,38.60%
CAG,331852,35,82.90%
CTG,333633,59,100.00%
CTG,334667,133,60.90%
CAG,334679,133,39.10%
CAG,335537,113,99.10%
CTG,337572,6,33.30%
TG,337780,149,43.60%
CAG,337791,149,51.00%
CT,339677,61,44.30%
CAG,339689,61,52.50%
CT,341091,7,28.60%
C,341103,7,71.40%
G,341105,7,71.40%
TG,342148,198,52.50%
CAG,342159,198,47.50%
CTG,342858,94,44.70%
CAG,342870,94,51.10%
CTG,345760,93,54.80%
CAG,345772,93,45.20%
T,353123,172,47.70%
CAG,353134,172,52.30%
CTG,353992,32,65.60%
CAG,354004,32,34.40%
G,355725,20,65.00%
CAG,355735,20,35.00%
TG,355971,9,55.60%
CA,355983,7,28.60%
CT,359880,9 -> 12,25.0% -> 33.3%
CTG,359997,54,57.40%
CAG,360009,54,42.60%
C,360995,94,38.30%
G,360997,94,38.30%
C,361007,94,56.40%
G,361009,93,57.00%
C,362316,45,51.10%
G,362318,45,51.10%
AG,362329,45,48.90%
AG,369171,63,100.00%
CT,371417,170,60.60%
CA,371429,170,38.80%
C,373054,77,100.00%
G,373056,77,100.00%
TG,375528,6,83.30%
C,376936,12,33.30%
G,376938,12,33.30%
CA,376948,12,66.70%
AG,379017,166,33.70%
C,379097,315,57.10%
CAG,379109,316,42.40%
CTG,379371,115,91.30%
C,382525,132,40.20%
G,382527,132,40.20%
CAG,382537,132,59.10%
C,383702,6,50.00%
G,383704,6,50.00%
AG,383715,6,50.00%
CTG,384942,7,57.10%
AG,384955,7,42.90%
CT,387928,73,60.30%
AG,387941,73,39.70%
CAG,390682,129,99.20%
CTG,391785,254,27.60%
CAG,391797,254,28.00%
CAG,391828,243,41.60%
CTG,392029,16,31.30%
C,394236,51,37.30%
G,394238,51,37.30%
CAG,394248,51,62.70%
CT,397966,211,44.10%
AG,397979,211,55.90%
G,398258,11,27.30%
A,398269,11,72.70%
CTG,399424,94,57.40%
AG,399437,94,42.60%
CTG,400522,199,54.80%
CAG,400534,199,45.20%
TG,402127,43,44.20%
CA,402138,43,55.80%
C,402746,100,40.00%
G,402748,100,40.00%
CAG,402759,100,60.00%
G,405435,7,57.10%
CAG,405444,7,42.90%
C,405903,13,100.00%
G,405905,13,100.00%
CT,406110,5,40.00%
CTG,406289,8,25.00%
AG,406302,8,62.50%
CAG,407270,201,46.80%
CAG,407300,133,48.10%
G,407775,89,50.60%
CAG,407785,89,43.80%
CTG,408299,77,58.40%
CAG,408311,77 -> 80,36.3% -> 37.7%
TG,408538,274,41.60%
CAG,408549,274,56.90%
CTG,409787,13,30.80%
AG,409800,13,69.20%
C,412122,22,86.40%
G,412548,127,83.50%
CTG,412703,94 -> 96,36.5% -> 37.2%
C,412715,89,41.60%
G,412717,89,41.60%
G,413003,6,100.00%
CTG,413747,219,51.60%
CA,413759,219,47.90%
G,414068,234,67.10%
CAG,414078,234,32.90%
CTG,414494,28,32.10%
AG,414507,28,67.90%
C,414696,31,54.80%
G,414698,31,54.80%
A,414709,31,45.20%
CTG,416642,62,41.90%
AG,416655,56,46.40%
CTG,418200,99,40.40%
CAG,418212,101,35.60%
CTG,418334,158 -> 159,57.9% -> 58.2%
A,418347,158,38.60%
T,423057,17,70.60%
C,427442,113,46.00%
G,427444,113,46.00%
CTG,427597,36 -> 37,27.0% -> 27.8%
CTG,429716,54,40.70%
AG,429729,54,59.30%
TG,430918,62,38.70%
CAG,430929,62,53.20%
G,434634,79,46.80%
C,434644,78,52.60%
CAG,438815,5,100.00%
C,439282,10,60.00%
G,439284,10,60.00%
CAG,439294,10,40.00%
C,440490,65,56.90%
G,440492,65,56.90%
C,440502,65,43.10%
G,440504,65,43.10%
CTG,441585,112,83.90%
C,442553,111,65.80%
G,442555,111,65.80%
CA,442565,111,32.40%
T,443391,161,46.60%
C,443402,161,53.40%
G,443404,161,53.40%
CTG,443612,11,36.40%
CA,443624,10,40.00%
TG,444102,105,37.10%
AG,444114,105,61.90%
CTG,446786,100,47.00%
CA,446798,100,53.00%
CTG,447056,225,78.70%
CAG,447969,6,33.30%
C,448836,219,46.10%
A,448849,219,53.90%
CT,450151,92 -> 93,63.4% -> 64.1%
C,450163,93,35.50%
G,450165,93,35.50%
TG,452782,9,88.90%
C,470423,64,34.40%
G,470425,64,34.40%
AG,470436,64,64.10%
CT,470614,5,40.00%
CAG,470626,5,60.00%
CTG,471077,7,57.10%
CTG,471263,10,50.00%
AG,471276,9,44.40%
CTG,475480,17,29.40%
A,475493,17,70.60%
CTG,477860,120,45.80%
CA,477873,120,54.20%
CT,478798,82,34.10%
CAG,478810,82,64.60%
CT,479571,65,43.10%
CAG,479583,65,56.90%
CTG,481650,89,57.30%
CAG,481662,89 -> 90,42.2% -> 42.7%
CT,483331,102,43.10%
C,483343,102,56.90%
G,483345,102,56.90%
CTG,485148,5,100.00%
TG,486217,8,25.00%
C,486228,8,75.00%
CT,488838,160,69.40%
C,488850,160,30.60%
G,488852,160,30.60%
CT,490689,48,52.10%
CAG,490701,48,47.90%
TG,499005,44,27.30%
AG,499017,44,72.70%
CTG,509715,79,49.40%
C,509727,79,50.60%
G,509729,79,50.60%
C,515704,6,50.00%
G,515706,6,50.00%
G,515837,18,50.00%
C,515847,17,41.20%
TG,517959,47,46.80%
CAG,517970,47,53.20%
G,522963,25,52.00%
CAG,522973,25,48.00%
CT,524083,8,25.00%
AG,524096,8,75.00%
CTG,525337,19,42.10%
A,525350,19,57.90%
CTG,528175,7,71.40%
C,528188,7,28.60%
G,528190,7,28.60%
CAG,532947,7,85.70%
CTG,534998,94,58.50%
CAG,535010,94,41.50%
G,536839,46,43.50%
CAG,536849,46,54.30%
TG,540624,117,61.50%
C,540635,117,38.50%
G,540637,117,38.50%
C,541689,49,28.60%
CAG,541701,49,67.30%
CTG,541864,16,62.50%
CAG,546390,27,77.80%
CTG,551429,15,46.70%
CAG,551441,15,53.30%
G,554244,29,96.60%
CTG,555292,39,64.10%
C,555304,39,35.90%
G,555306,39,35.90%
CAG,557106,21,38.10%
C,557109,13,38.50%
G,557111,13,38.50%
C,557185,27,55.60%
CAG,557197,27,40.70%
C,557885,7,57.10%
G,557887,7,57.10%
CAG,557897,7,42.90%
CTG,558375,28,78.60%
CTG,561196,87,39.10%
G,561210,87,60.90%
C,561530,91,40.70%
CAG,561542,91,59.30%
CTG,561870,25,76.00%
C,562824,77,72.70%
G,562826,77,72.70%
CAG,562836,77,27.30%
CTG,564474,17,100.00%
CTG,567126,73,78.10%
CT,571465,21,42.90%
CAG,571477,21,57.10%
CTG,572206,104,47.10%
CAG,572218,104,52.90%
CT,572699,22,81.80%
C,573326,21,57.10%
CA,573338,21,42.90%
CTG,573757,12,58.30%
C,573769,12,41.70%
G,573771,12,41.70%
CT,575398,9,100.00%
CTG,581788,24,45.80%
CAG,581800,24,54.20%
CTG,583141,46,43.50%
C,583152,46,56.50%
G,583154,46,56.50%
C,589220,34,32.40%
G,589222,34,32.40%
AG,589233,34,67.60%
C,590093,56,28.60%
G,590107,56,69.60%
CTG,595941,7,57.10%
AG,595953,7,42.90%
C,607053,43,100.00%
G,607055,43,100.00%
C,607948,98,56.10%
G,607950,99,55.60%
G,607962,99,32.30%
CTG,608054,129 -> 130,52.3% -> 52.7%
CTG,612028,32,53.10%
CAG,612040,32,46.90%
C,616019,24,58.30%
G,616033,24,41.70%
CTG,617490,25,60.00%
CAG,617502,25,40.00%
C,621885,7,85.70%
G,621887,7,85.70%
CTG,622383,22,72.70%
C,622395,22,27.30%
G,622397,22,27.30%
CTG,630171,7,42.90%
CAG,630183,7,57.10%
CT,635159,65,60.00%
CAG,635171,65,40.00%
C,636730,7,28.60%
C,636832,15,40.00%
G,636834,15,40.00%
AG,636845,14,42.90%
CTG,647103,255,44.30%
CAG,647115,255,54.50%
C,647370,312,57.70%
G,647372,312,57.70%
CAG,647382,312,42.30%
C,648710,48,50.00%
CTG,648761,56,33.90%
CT,651685,111,27.00%
C,651697,111,73.00%
G,651699,111,73.00%
CT,653574,26,76.90%
C,655601,16,62.50%
G,655603,16,62.50%
AG,655614,16,37.50%
CTG,660110,15,93.30%
TG,661422,7,57.10%
C,661433,7,42.90%
CTG,662292,5,60.00%
CTG,662495,15,46.70%
AG,662508,15,53.30%
G,663332,5,40.00%
C,663342,5,60.00%
CAG,666188,9,77.80%
CTG,666419,8,87.50%
CTG,677138,91,78.00%
CA,683282,11,100.00%
C,689743,20,35.00%
G,689745,20,35.00%
CAG,689755,20,60.00%
CT,691133,7,57.10%
C,695405,103,35.90%
G,695407,103,35.90%
CAG,695417,103,64.10%
C,698284,10,50.00%
G,698286,10,50.00%
CAG,698296,10,50.00%
CTG,701864,183,37.20%
CAG,701876,183,62.80%
C,707145,88,29.50%
G,707147,88,29.50%
CAG,707157,88,70.50%
CTG,708638,5,100.00%
CTG,711537,60,51.70%
C,711549,60,48.30%
CTG,712065,20,40.00%
CA,712077,20,60.00%
CT,715855,75,50.70%
CAG,715867,75,49.30%
CTG,716393,46,100.00%
T,717987,7,57.10%
CAG,717998,7,42.90%
T,720837,96,59.40%
C,720848,99,33.30%
CA,721033,147,83.00%
CT,721828,39,43.60%
C,721840,39,56.40%
G,721842,39,56.40%
CT,722731,120,62.50%
CAG,722743,120,37.50%
G,723394,42,97.60%
C,723624,114,71.10%
C,723636,114,28.90%
G,723638,114,28.90%
CTG,724110,26,30.80%
CAG,724122,26,69.20%
C,725040,102,52.90%
G,725042,102,52.90%
CAG,725052,102,45.10%
CT,727927,218,53.70%
CA,727939,218,46.30%
C,729680,275,54.90%
G,729682,275,54.90%
CAG,729692,275,45.10%
TG,730296,74,45.90%
CAG,730307,74,50.00%
CTG,733178,40,47.50%
CA,733190,40,50.00%
T,734506,11,45.50%
CAG,734517,11,54.50%
C,735803,112,36.60%
G,735805,112,36.60%
C,735815,112,63.40%
G,735817,112,63.40%
TG,736614,191,38.20%
CA,736625,191,61.30%
CTG,740098,95,38.90%
CAG,740110,95,61.10%
CT,746335,8,62.50%
CAG,746347,8,37.50%
CAG,746591,5,100.00%
C,747070,158,53.80%
G,747072,158,53.80%
CTG,748194,110,60.00%
CAG,748206,110,35.50%
CAG,748956,42,92.90%
A,750363,88,100.00%
CTG,751842,111,47.70%
CAG,751854,111,52.30%
CTG,752916,13,38.50%
C,752928,13,61.50%
C,754354,172,25.00%
G,754356,172,25.00%
G,754368,172,75.00%
CT,754599,59,47.50%
CAG,754611,59,50.80%
CTG,755047,100,43.00%
CAG,755059,100,57.00%
C,756312,182,49.50%
G,756314,182,49.50%
CAG,756324,182,50.00%
CAG,756888,16 -> 18,72.2% -> 75.0%
CT,757441,174,66.10%
CAG,757453,174,33.90%
AG,758014,97,53.60%
TG,758329,12,33.30%
CAG,758340,12,66.70%
CTG,762789,100,44.00%
CAG,762801,100,55.00%
CTG,763253,23,65.20%
CAG,763265,23,30.40%
CTG,765762,6,50.00%
CAG,765774,6,50.00%
CTG,766627,69,37.70%
A,766640,69,62.30%
CA,767111,9,88.90%
CTG,767409,93,35.50%
CAG,767421,94 -> 95,62.1% -> 62.8%
C,767630,45,31.10%
G,767632,45,31.10%
C,767642,45,68.90%
G,767644,45,68.90%
TG,769216,11,27.30%
AG,769228,11,72.70%
CT,771726,49,67.30%
A,771739,49,32.70%
CT,774755,10,50.00%
CAG,774767,10,50.00%
CA,775032,21,95.20%
CT,776395,8,100.00%
T,777807,231,57.60%
CAG,777818,231,42.40%
CT,779338,300,41.00%
CAG,779350,300,59.00%
C,779745,199,72.90%
CAG,779757,200,27.00%
CTG,780358,5,100.00%
CAG,783536,5,80.00%
CTG,789923,5,100.00%
CTG,790572,6,33.30%
C,790665,6,66.70%
G,790667,6,66.70%
CTG,792845,39,69.20%
CAG,792857,39,30.80%
CT,794589,114,74.60%
G,797685,30,80.00%
CT,797747,33,27.30%
CTG,798683,13,46.20%
CAG,798695,13,53.80%
CTG,799045,127,42.50%
C,799057,130,37.70%
G,799059,130,37.70%
CTG,799112,165 -> 166,50.0% -> 50.3%
A,800744,5,100.00%
C,803395,19,73.70%
G,803397,19,73.70%
CAG,803406,19,26.30%
CTG,807275,34,70.60%
C,807287,34,29.40%
C,808422,7,85.70%
G,808424,7,85.70%
CTG,812011,80,51.20%
A,812024,80,48.80%
CT,814068,125,42.40%
CAG,814080,125,55.20%
G,815658,13,30.80%
CAG,815668,13,69.20%
CTG,819324,114,64.00%
C,819336,114,36.00%
CTG,821288,74,73.00%
AG,821301,74,27.00%
G,821662,9,77.80%
TG,822214,8,25.00%
A,822226,8,62.50%
CTG,822452,49,46.90%
CAG,822464,49,53.10%
CTG,823885,54,25.90%
G,823899,54,74.10%
CAG,824536,8,100.00%
CTG,826424,8,100.00%
C,828157,20,30.00%
G,828159,20,30.00%
G,828171,20,70.00%
C,831186,25,40.00%
G,831188,25,40.00%
CAG,831198,25,60.00%
CTG,835243,92,50.00%
AG,835256,92,50.00%
CTG,835797,64 -> 65,70.8% -> 71.9%
AG,835810,65,26.20%
C,840618,107,82.20%
C,843002,47,68.10%
G,843004,47,68.10%
CAG,843014,47,27.70%
CTG,845362,8,87.50%
CT,847770,11,36.40%
C,847782,11,45.50%
G,847784,11,45.50%
CTG,851312,103,55.30%
CAG,851324,103,44.70%
C,855193,82,30.50%
G,855195,82,30.50%
CAG,855205,82,69.50%
T,856208,11,54.50%
CAG,856219,11,45.50%
CT,856564,16,100.00%
CTG,858841,14,42.90%
G,858855,14,42.90%
CTG,860160,101,54.50%
CAG,860172,101,45.50%
CTG,861645,7,71.40%
CAG,861657,7,28.60%
CAG,864565,73 -> 74,27.0% -> 27.4%
C,864657,106,32.10%
G,864659,106,32.10%
AG,864670,105,66.70%
CTG,865143,72,50.00%
CAG,865155,72,50.00%
CTG,866522,118,29.70%
CAG,866534,118,68.60%
CTG,866802,49,57.10%
CAG,866814,49,42.90%
CTG,867145,34,79.40%
CTG,867813,17,35.30%
CAG,867825,17,64.70%
CT,870786,57,54.40%
CAG,870798,57,43.90%
CT,871357,162,58.00%
CAG,871369,162,42.00%
TG,871784,14,57.10%
CAG,871795,14,42.90%
CTG,875731,6,50.00%
CAG,875974,9,88.90%
AG,877284,82,100.00%
C,877670,61,72.10%
G,877672,61,72.10%
CAG,877682,61,27.90%
C,881029,24,45.80%
G,881031,24,45.80%
CAG,881041,24,54.20%
TG,882285,33,33.30%
C,882296,33,66.70%
G,882298,33,66.70%
CTG,883589,40,72.50%
CAG,883601,40,27.50%
C,884615,48,43.80%
G,884617,48,43.80%
G,884629,48,54.20%
CTG,885735,45,80.00%
C,888847,57,52.60%
G,888849,57,52.60%
AG,888860,57,47.40%
CTG,891478,35,57.10%
CA,891490,35,42.90%
C,893448,68,42.60%
G,893450,68,42.60%
CAG,893460,68,57.40%
C,896939,7,28.60%
CAG,896951,7,71.40%
CAG,898478,9,88.90%
CAG,905307,43,76.70%
C,907038,65,75.40%
G,907040,65,75.40%
C,911822,61,95.10%
G,911824,61,95.10%
C,914814,21,57.10%
G,914816,21,57.10%
AG,914827,21,42.90%
CT,916305,9,55.60%
AG,916318,9,44.40%
CA,919061,63,100.00%
CTG,919207,40,100.00%
TG,921272,33,54.50%
CAG,921283,33,45.50%
CTG,923124,12,50.00%
AG,923137,12,50.00%
C,935112,63,55.60%
G,935114,63,55.60%
CA,935124,63,44.40%
CTG,937198,14,85.70%
CA,939055,44,59.10%
CTG,941082,7,42.90%
CAG,941094,7,57.10%
C,945878,37,37.80%
AG,945891,37,59.50%
C,946137,7,28.60%
C,946149,7,71.40%
G,946151,7,71.40%
CT,952748,14,42.90%
CAG,952796,15,53.30%
CAG,957193,14,100.00%
CTG,960380,173,56.10%
AG,960393,173,43.90%
C,961048,93,43.00%
G,961050,93,43.00%
G,961062,97,48.50%
CTG,961212,112,58.90%
CAG,961224,110,35.50%
CT,961980,6,33.30%
C,961992,6,66.70%
G,961994,6,66.70%
CT,963523,14,50.00%
CAG,963535,14,50.00%
AG,966705,5,80.00%
G,970243,139,39.60%
AG,970254,139,60.40%
CTG,971016,59,37.30%
C,971028,59,59.30%
G,971030,59,59.30%
CTG,975166,13,53.80%
C,975178,13,46.20%
G,975180,13,46.20%
CAG,976194,51,100.00%
CT,978991,136,47.10%
C,979003,136,52.20%
G,979005,136,52.90%
CT,979994,22,72.70%
AG,980007,22,27.30%
CTG,981711,17,76.50%
CAG,983531,76,80.30%
CT,989422,154,74.70%
C,989434,154,25.30%
G,989436,154,25.30%
AG,995032,8,87.50%
CTG,1001266,24,62.50%
CAG,1001278,24,37.50%
CAG,1001565,5,80.00%
CAG,1001798,55,83.60%
CTG,1002676,69,40.60%
CAG,1002688,69,59.40%
CTG,1007646,99,62.60%
CAG,1007658,99,37.40%
C,1008256,41,63.40%
G,1008258,41,63.40%
CAG,1008268,41,36.60%
TG,1011644,54,44.40%
A,1011656,54,55.60%
CTG,1013039,56,55.40%
AG,1013052,56,44.60%
C,1013809,10,30.00%
G,1013811,10,30.00%
AG,1013822,10,70.00%
CAG,1014166,5,100.00%
G,1015268,142,34.50%
CAG,1015278,142,65.50%
CT,1015513,10,40.00%
AG,1015526,9,44.40%
C,1019426,41,85.40%
CT,1020339,137,51.10%
G,1020353,137,46.00%
CAG,1021651,103,33.00%
CTG,1021674,130,46.90%
CAG,1021686,130,36.90%
G,1026259,12,91.70%
TG,1028713,132,57.60%
CAG,1028724,132,42.40%
C,1030685,17,58.80%
G,1030687,17,58.80%
CAG,1030697,17,41.20%
CTG,1033047,5,100.00%
CT,1034714,7,57.10%
CAG,1034726,7,42.90%
CTG,1037000,12,100.00%
CTG,1037052,44,72.70%
CTG,1037435,11,100.00%
CTG,1038539,20,45.00%
C,1038551,21,52.40%
G,1038553,21,52.40%
CTG,1038790,102,50.00%
AG,1038803,102,50.00%
CTG,1042667,123,42.30%
CAG,1042679,123,57.70%
CT,1043275,50,56.00%
AG,1043288,51,39.20%
CTG,1043464,87,37.90%
CAG,1043476,88 -> 90,48.9% -> 50.0%
TG,1044619,18,55.60%
CAG,1044630,18,38.90%
CTG,1047634,114,68.40%
CAG,1047646,114,31.60%
C,1047920,47,51.10%
G,1047922,47,51.10%
AG,1047933,47,44.70%
CAG,1051880,71,100.00%
CAG,1054634,19,100.00%
C,1056997,40,62.50%
G,1056999,40,62.50%
G,1057011,40,37.50%
C,1058068,31,58.10%
G,1058070,31,58.10%
CAG,1058080,31,41.90%
C,1058131,48,64.60%
CTG,1059419,71,62.00%
CAG,1059431,71,38.00%
C,1062172,104,32.70%
G,1062174,104,32.70%
CA,1062184,104,67.30%
CTG,1067999,77,59.70%
AG,1068012,77,40.30%
C,1068255,24,91.70%
C,1069603,22,40.90%
G,1069605,22,40.90%
AG,1069616,22,59.10%
CA,1071683,45,77.80%
CAG,1073275,25,100.00%
CT,1074720,7,85.70%
CT,1080557,13,100.00%
CTG,1080745,12,75.00%
CT,1082454,65,53.80%
CAG,1082466,65,46.20%
CT,1083059,112,50.90%
AG,1083072,122,41.00%
C,1087063,5,40.00%
CTG,1091958,37,56.80%
G,1091972,37,43.20%
CT,1094233,251,41.80%
AG,1094246,251,57.80%
CTG,1094769,14,50.00%
CAG,1094781,14,50.00%
CAG,1095619,5,80.00%
CTG,1097027,32,31.30%
C,1097039,32,68.80%
G,1097041,32,68.80%
CTG,1100741,14,28.60%
CAG,1100753,14,71.40%
C,1104216,7,42.90%
G,1104218,7,42.90%
CAG,1104228,7,57.10%
CTG,1105445,37,56.80%
CAG,1105457,37,43.20%
CT,1106202,37,62.20%
CAG,1106214,37,37.80%
C,1106494,7,100.00%
CTG,1108769,20,40.00%
C,1108781,20,60.00%
C,1110699,84,46.40%
G,1110701,84,46.40%
C,1110711,84,53.60%
G,1110713,84,53.60%
CT,1111858,18,27.80%
A,1111871,19,26.30%
C,1111910,31,54.80%
G,1111912,31,54.80%
C,1111922,31,29.00%
G,1111924,31,29.00%
CTG,1113160,103,56.30%
CAG,1113172,103,43.70%
CT,1114585,82,43.90%
C,1114597,85,40.00%
CTG,1114672,77,32.50%
AG,1114685,70 -> 72,25.0% -> 25.7%
C,1116044,44,100.00%
CTG,1120837,46,50.00%
AG,1120850,46,50.00%
CTG,1123315,245,55.50%
AG,1123328,245,44.50%
C,1123592,33,90.90%
G,1123594,33,87.90%
CT,1124545,120,54.20%
CAG,1124557,120,45.80%
CTG,1127039,67,100.00%
CTG,1128624,94,72.30%
A,1128637,94,27.70%
CTG,1130343,8,62.50%
CAG,1130355,8,37.50%
C,1130925,7,28.60%
G,1130927,7,28.60%
CA,1130937,7,71.40%
CTG,1131277,101,100.00%
CTG,1133371,10,50.00%
CAG,1133383,10,30.00%
CTG,1136162,55,100.00%
C,1136441,18,27.80%
G,1136443,18,27.80%
G,1136455,18,72.20%
CT,1143804,49,46.90%
G,1143818,49,53.10%
CTG,1146742,86,30.20%
AG,1146755,86,69.80%
CT,1151504,13,38.50%
AG,1151517,13,61.50%
C,1151813,78,50.00%
G,1151815,79,49.40%
CAG,1151825,81 -> 82,35.4% -> 35.8%
CTG,1151966,83,42.20%
C,1151978,82,37.80%
G,1151980,82,37.80%
CTG,1153125,70,82.90%
CT,1154716,10,90.00%
CT,1158797,41,48.80%
CAG,1158809,41,51.20%
CTG,1160116,116,32.80%
CA,1160128,116,67.20%
CAG,1160307,11 -> 12,25.0% -> 27.3%
C,1161058,150,26.70%
G,1161060,150,26.70%
CAG,1161069,150,39.30%
C,1161092,118,42.40%
G,1161094,118,42.40%
C,1161841,21,71.40%
G,1161843,21,71.40%
CAG,1161853,21,28.60%
CAG,1162541,43,81.40%
CT,1162631,30,60.00%
G,1162645,30,40.00%
CT,1164340,80,53.80%
AG,1164353,80,46.30%
CAG,1166929,53,100.00%
CTG,1168388,40,55.00%
CAG,1168400,40,40.00%
C,1174987,60,100.00%
G,1174989,60,100.00%
CTG,1175335,115,48.70%
CAG,1175347,115,51.30%
CTG,1180303,42,100.00%
TG,1185053,5,60.00%
CA,1185064,5,40.00%
CA,1187297,38,89.50%
CAG,1188460,6,100.00%
CTG,1189248,81,44.40%
CTG,1194011,8,50.00%
CAG,1194023,8,50.00%
TG,1197720,7,57.10%
C,1197731,7,42.90%
G,1197733,7,42.90%
CT,1198448,14,42.90%
AG,1198461,14,57.10%
TG,1206615,43,58.10%
AG,1206627,44,27.30%
CTG,1206748,70,40.00%
CAG,1206760,70,41.40%
C,1211552,66,81.80%
CT,1217339,14,64.30%
CAG,1217351,13,30.80%
CT,1217948,66,51.50%
CAG,1217960,66,48.50%
TG,1219040,21,47.60%
CAG,1219051,21,52.40%
C,1220583,41,78.00%
G,1220585,41,78.00%
C,1221350,20,100.00%
C,1223875,7,71.40%
C,1223887,7,28.60%
G,1223889,7,28.60%
CAG,1226209,6,83.30%
CTG,1226656,8,75.00%
A,1226669,8,25.00%
CT,1228395,50,30.00%
AG,1228408,50,42.00%
C,1228432,77,62.30%
G,1228434,77,62.30%
C,1237891,75,41.30%
G,1237905,75,56.00%
C,1239498,23,100.00%
G,1239500,23,100.00%
C,1240431,16,43.80%
CAG,1240443,16,56.30%
CTG,1241372,5,60.00%
G,1241386,5,40.00%
CTG,1246939,42,59.50%
CAG,1246951,42,38.10%
CTG,1250705,134,51.50%
AG,1250718,134,47.80%
C,1252038,6,33.30%
AG,1252146,13,61.50%
G,1253237,12,41.70%
CAG,1253247,12,41.70%
CAG,1255895,20,100.00%
CTG,1258174,21,57.10%
C,1258206,16,25.00%
G,1258208,16,25.00%
CA,1260218,47,100.00%
CT,1260670,8,37.50%
CAG,1260682,8,62.50%
CTG,1267018,12,41.70%
CT,1267025,20,40.00%
AG,1267031,20,25.00%
C,1267834,47,34.00%
G,1267836,47,34.00%
C,1267846,46,65.20%
G,1267848,46,65.20%
CTG,1271201,5,80.00%
CTG,1273001,6,50.00%
CA,1273013,6,50.00%
CTG,1273279,32,50.00%
CAG,1273291,32,50.00%
C,1274560,9,100.00%
G,1274562,9,100.00%
CAG,1275366,33,100.00%
G,1278873,8,87.50%
TG,1283823,50,64.00%
C,1283834,50,36.00%
G,1283836,50,36.00%
CTG,1285377,13,30.80%
CAG,1285389,13,69.20%
C,1285901,7,42.90%
CAG,1285913,7,28.60%
CAG,1286004,5,40.00%
CTG,1287580,16,37.50%
C,1287592,16,62.50%
CT,1289260,85 -> 86,43.0% -> 43.5%
C,1289272,88,51.10%
G,1289274,88,51.10%
CTG,1289446,215,30.20%
CAG,1289458,215,43.70%
CT,1289482,159,25.80%
CAG,1289494,158,32.90%
CT,1290707,25,32.00%
CA,1290719,25,68.00%
CTG,1290936,41,46.30%
A,1290949,41,53.70%
CT,1292691,9,66.70%
CA,1292703,9,33.30%
C,1292956,13,84.60%
G,1292958,13,84.60%
CAG,1296340,9,77.80%
C,1297868,26,76.90%
CTG,1299695,11,90.90%
CTG,1301682,92,66.30%
CAG,1301694,92,33.70%
CTG,1302760,6,50.00%
AG,1302773,6,50.00%
CTG,1303320,11,27.30%
CAG,1303332,11,27.30%
CA,1303337,8,62.50%
CTG,1304659,6,50.00%
CAG,1304671,6,33.30%
C,1306992,45,26.70%
G,1306994,45,26.70%
CAG,1307004,45,73.30%
CTG,1310008,7,71.40%
CAG,1310020,7,28.60%
CTG,1312227,6,83.30%
AG,1312373,13,92.30%
CTG,1313868,72,66.70%
CAG,1313880,72,33.30%
CTG,1316285,32,56.30%
C,1316297,34,38.20%
G,1316299,34,38.20%
CTG,1316415,20,40.00%
CAG,1316427,18,38.90%
AG,1318144,6,83.30%
CTG,1318446,53,28.30%
CAG,1318458,53,54.70%
TG,1318563,52,50.00%
AG,1318575,48,31.30%
CTG,1319744,5,80.00%
C,1322171,152,42.80%
G,1322173,152,42.80%
AG,1322184,152,54.60%
C,1322477,25,64.00%
G,1322479,26,61.50%
C,1322575,42,31.00%
G,1322577,42,31.00%
C,1322587,41,39.00%
G,1322589,41,39.00%
C,1323594,68,54.40%
CAG,1323606,68,45.60%
T,1326962,8,37.50%
C,1327176,94,30.90%
G,1327178,94,30.90%
C,1327188,94,68.10%
CTG,1328607,38,63.20%
CAG,1328619,38,34.20%
CTG,1329955,87,62.10%
CAG,1329967,87,36.80%
CTG,1330274,56,42.90%
CAG,1330285,56,55.40%
CTG,1331640,22,45.50%
CA,1331652,22,54.50%
A,1336971,9,88.90%
CT,1338491,42,81.00%
CTG,1339856,94,38.30%
CAG,1339868,94,60.60%
CTG,1340029,19,26.30%
CAG,1342493,6,100.00%
C,1345416,29,89.70%
G,1345418,29,89.70%
CT,1350828,111,55.90%
CAG,1350840,111,44.10%
TG,1351987,5,60.00%
AG,1351999,5,40.00%
CTG,1352464,96,70.80%
CAG,1352476,96,29.20%
CTG,1354588,52,51.90%
CAG,1354600,52,46.20%
C,1355062,129,86.00%
G,1355064,129,86.00%
CTG,1357694,57,47.40%
CAG,1357706,57,52.60%
C,1361681,72,50.00%
G,1361683,72,50.00%
CAG,1361693,72,50.00%
G,1364657,62,58.10%
C,1364667,62,40.30%
G,1364669,62,41.90%
CTG,1366603,29,37.90%
CAG,1366615,29,62.10%
C,1369269,18,44.40%
G,1369271,18,44.40%
CAG,1369281,18,55.60%
CTG,1369838,40,37.50%
CAG,1369850,40,52.50%
CTG,1370560,71,49.30%
CA,1370572,71,50.70%
CTG,1371720,6,50.00%
CAG,1374559,5,80.00%
CTG,1375226,19,68.40%
CAG,1375238,19,31.60%
CT,1375820,27,37.00%
CAG,1375832,27,63.00%
C,1382290,5,40.00%
AG,1382303,5,60.00%
CTG,1387064,18,61.10%
CAG,1387076,18,38.90%
C,1387518,19,31.60%
G,1387520,19,31.60%
CAG,1387530,19,63.20%
CTG,1391167,65,44.60%
CAG,1391179,65,55.40%
C,1391730,51,39.20%
CAG,1391742,51,60.80%
TG,1393190,42,85.70%
TG,1397868,16,37.50%
CAG,1397879,16,62.50%
CT,1400652,5,80.00%
TG,1404927,6,50.00%
AG,1404939,6,50.00%
CA,1405676,10,80.00%
CTG,1407054,40,60.00%
AG,1407067,40,37.50%
C,1407181,23,30.40%
G,1407183,23,30.40%
CT,1409168,7,71.40%
CAG,1409180,7,28.60%
CTG,1413238,80,56.30%
CAG,1413250,78,41.00%
G,1414952,101,29.70%
CAG,1414962,103 -> 105,61.0% -> 62.1%
CTG,1415104,86,55.80%
CAG,1415116,85,40.00%
CTG,1418064,13,69.20%
CA,1418076,13,30.80%
CTG,1420453,74,45.90%
C,1420465,74,54.10%
G,1420467,74,54.10%
T,1425464,30,53.30%
C,1425475,30,46.70%
C,1428551,11,90.90%
CT,1428855,11,45.50%
A,1428868,11,54.50%
CTG,1433118,72,36.10%
CAG,1433130,72 -> 73,61.6% -> 62.5%
CTG,1433207,29 -> 30,26.7% -> 27.6%
C,1434717,5,60.00%
C,1443010,24,75.00%
G,1443012,24,75.00%
CAG,1443022,24,25.00%
CTG,1443848,21,90.50%
CT,1444794,31,77.40%
CTG,1445684,32,78.10%
CTG,1445785,25 -> 27,25.9% -> 28.0%
CTG,1448935,27,37.00%
CAG,1448947,27,59.30%
C,1460706,58,60.30%
G,1460708,58,60.30%
CAG,1460718,58,39.70%
CT,1468741,96,46.90%
CAG,1468753,96,51.00%
CTG,1472840,28,53.60%
C,1472852,28,46.40%
CTG,1481492,51,86.30%
CTG,1481731,79,50.60%
CAG,1481743,79,49.40%
CT,1485554,79,50.60%
CAG,1485566,79,49.40%
CTG,1486131,30,60.00%
CAG,1486143,30,40.00%
CT,1490347,49,40.80%
A,1490361,49,59.20%
CTG,1506425,36,52.80%
C,1506437,36,44.40%
G,1506439,36,47.20%
CTG,1507709,6,83.30%
TG,1513612,6,66.70%
CAG,1513623,6,33.30%
TG,1514432,6,50.00%
CAG,1514443,6,50.00%
CTG,1519757,18,72.20%
CA,1519769,18,27.80%
C,1519927,6,33.30%
TG,1520457,69,53.60%
C,1520468,69,46.40%
G,1520470,69,46.40%
CTG,1526316,59,45.80%
CA,1526328,59,54.20%
CTG,1528658,7,57.10%
C,1528670,7,42.90%
G,1528672,7,42.90%
CT,1528932,59,76.30%
C,1530118,38,47.40%
G,1530120,38,47.40%
AG,1530131,38,52.60%
T,1531170,25,36.00%
AG,1531182,25,64.00%
CTG,1531622,6,83.30%
CTG,1534340,66,48.50%
AG,1534353,66,51.50%
CAG,1537503,5,80.00%
CT,1542333,15,60.00%
CAG,1542345,15,40.00%
CT,1548258,32,46.90%
CAG,1548270,32,53.10%
CTG,1557140,7,100.00%
CT,1563198,66,33.30%
T,1570293,14,50.00%
C,1570304,14,50.00%
G,1570306,14,50.00%
CTG,1571695,130,48.50%
CAG,1571707,130,50.80%
CTG,1585106,34,50.00%
CAG,1585118,34,50.00%
AG,1586381,5,100.00%
CT,1591114,5,60.00%
CAG,1591126,5,40.00%
TG,1591672,5,100.00%
CTG,1597572,45,66.70%
CAG,1597584,45,31.10%
CT,1601889,7,57.10%
CAG,1601901,7,42.90%
C,1604208,246,41.90%
C,1604220,244,57.80%
G,1604222,244,57.80%
CT,1610104,9,77.80%
CTG,1612447,47,61.70%
C,1612459,47,38.30%
G,1612461,47,38.30%
C,1620047,15,60.00%
G,1620049,15,60.00%
CAG,1620059,15,40.00%
TG,1621839,98,43.90%
CAG,1621850,98,56.10%
CTG,1634297,43,67.40%
CAG,1634309,43,32.60%
CTG,1641706,7,57.10%
CAG,1641718,8,37.50%
C,1641989,11,63.60%
G,1641991,11,63.60%
C,1642001,11,36.40%
G,1642003,11,36.40%
G,1645372,5,40.00%
CAG,1645382,5,60.00%
C,1651699,10,30.00%
AG,1651712,10,40.00%
AG,1659948,38,76.30%
C,1665410,60,30.00%
G,1665412,61,29.50%
CTG,1665521,112,25.90%
CAG,1665533,112,69.60%
CT,1665689,10,60.00%
C,1665701,10,30.00%
CT,1670959,73,60.30%
C,1670971,73,39.70%
G,1670973,73,39.70%
C,1673347,41,41.50%
G,1673349,41,41.50%
CA,1673359,41,58.50%
T,1677356,13,53.80%
CAG,1677367,13,30.80%
CAG,1696868,38,78.90%
CTG,1699154,117,59.80%
AG,1699167,117,39.30%
CAG,1708869,16,87.50%
TG,1715465,48,43.80%
CAG,1715476,48,56.30%
G,1715594,16,31.30%
CTG,1720886,50,42.00%
CAG,1720898,50,58.00%
CTG,1723369,12,66.70%
A,1723382,12,33.30%
C,1726470,76,56.60%
AG,1726483,76,40.80%
CAG,1727474,7,100.00%
C,1735310,5,40.00%
CAG,1735322,5,40.00%
CTG,1736139,17,52.90%
AG,1736152,17,47.10%
CA,1743260,33,87.90%
T,1744318,14,85.70%
CTG,1745273,6 -> 7,28.6% -> 33.3%
CAG,1745285,7,42.90%
G,1745451,39,33.30%
CAG,1745461,39,66.70%
CTG,1748090,10,40.00%
C,1748102,10,60.00%
G,1748104,10,60.00%
CT,1748714,32,53.10%
CAG,1748726,32,46.90%
CTG,1751083,23,43.50%
CAG,1751095,23,56.50%
CTG,1751908,77,37.70%
CAG,1751920,77,62.30%
CT,1753459,7,42.90%
CAG,1753471,7,57.10%
CTG,1754480,8,62.50%
G,1754494,8,37.50%
CTG,1755185,40,72.50%
CAG,1755197,40,27.50%
A,1758585,5,80.00%
CTG,1758798,82,39.00%
A,1758811,82,61.00%
CTG,1765808,71,45.10%
CAG,1765820,71,53.50%
CT,1768552,7,85.70%
CT,1774362,8,75.00%
CTG,1774391,12,33.30%
C,1776098,141,45.40%
G,1776100,141,45.40%
CAG,1776110,141,53.90%
C,1777928,6,50.00%
CAG,1777940,6,33.30%
CT,1779269,55,61.80%
AG,1779282,55,38.20%
CTG,1780157,28,89.30%
TG,1782050,41,56.10%
CAG,1782061,41,43.90%
TG,1782424,41,31.70%
CAG,1782435,41,68.30%
CAG,1786427,5,100.00%
TG,1787229,46,54.30%
AG,1787242,48,39.60%
A,1787365,24,29.20%
CTG,1788948,8,25.00%
CAG,1788960,8,75.00%
CTG,1789163,10,40.00%
CAG,1789172,10,50.00%
CTG,1790064,69,52.20%
CA,1790076,69,47.80%
C,1791794,12,100.00%
G,1791796,12,100.00%
A,1792066,7,28.60%
AG,1792071,7,57.10%
CTG,1796464,21,47.60%
C,1796476,21,52.40%
G,1796478,21,52.40%
CAG,1797965,5,100.00%
CTG,1798735,12,33.30%
C,1798747,12,66.70%
G,1798749,12,66.70%
CTG,1802791,22,54.50%
A,1802804,22,40.90%
CTG,1803208,49,46.90%
CAG,1803220,49,53.10%
CTG,1803940,21,33.30%
CAG,1803952,21,66.70%
AG,1804286,18,94.40%
T,1804589,5,40.00%
G,1804602,5,60.00%
CTG,1807229,107,62.60%
CAG,1807241,107,37.40%
CTG,1807508,9,33.30%
CT,1807543,12,33.30%
C,1807555,12,41.70%
G,1807557,12,41.70%
C,1813085,162,35.80%
G,1813087,162,35.80%
A,1813098,162,64.20%
CTG,1817784,27,63.00%
CA,1817796,27,37.00%
CAG,1819088,62,40.30%
CTG,1819095,65,43.10%
CAG,1819107,65,33.80%
CTG,1822050,34,55.90%
CAG,1822062,34,44.10%
CTG,1825036,54,42.60%
AG,1825049,54,57.40%
CTG,1826275,17,52.90%
CAG,1826287,17,47.10%
CTG,1827435,8,87.50%
CTG,1827729,25,28.00%
AG,1827742,25,72.00%
AG,1829378,7,85.70%
CTG,1854292,62,56.50%
C,1854304,62,41.90%
G,1854306,62,43.50%
CT,1856678,30,30.00%
CAG,1856690,30,70.00%
C,1858158,5,80.00%
G,1858160,5,80.00%
CTG,1863080,68,45.60%
CAG,1863092,68,54.40%
CTG,1867042,8,62.50%
CAG,1867125,8,37.50%
C,1869047,10,100.00%
G,1869049,10,100.00%
CAG,1877723,7,85.70%
CT,1880684,48,66.70%
CA,1880696,48,33.30%
C,1904511,24,33.30%
CA,1904523,24,62.50%
CTG,1905645,13,92.30%
TG,1911872,28,28.60%
CAG,1911883,28,67.90%
CTG,1916180,24,50.00%
CAG,1916192,24,50.00%
CTG,1918100,52,55.80%
CA,1918112,52,42.30%
CTG,1918355,44 -> 45,48.9% -> 50.0%
CAG,1918367,44,45.50%
CTG,1918639,32,40.60%
A,1918652,31,48.40%
CTG,1919204,11,36.40%
CAG,1919216,11,63.60%
CTG,1919692,61,39.30%
G,1919706,61,60.70%
CTG,1923951,40,87.50%
TG,1926274,96,39.60%
CA,1926285,96,59.40%
CTG,1930353,48,45.80%
CA,1930365,48,54.20%
CTG,1933304,82,57.30%
C,1933316,82,41.50%
G,1933318,82,41.50%
CTG,1933854,97,34.00%
CA,1933866,97,66.00%
CTG,1936343,32,37.50%
CA,1936355,32,62.50%
CTG,1941413,29,34.50%
CAG,1941425,29,65.50%
CT,1941538,12,33.30%
CAG,1941550,10 -> 11,36.4% -> 40.0%
TG,1943090,120,60.00%
CAG,1943101,120,40.00%
CAG,1947409,8,50.00%
CTG,1947432,9,55.60%
AG,1947445,9,44.40%
CAG,1950316,9,100.00%
C,1963390,77,54.50%
G,1963392,77,54.50%
CAG,1963402,77,45.50%
CT,1964843,13,53.80%
C,1964855,13,46.20%
G,1964857,13,46.20%
CTG,1970621,14,50.00%
CAG,1970633,14,50.00%
CTG,1972040,52,40.40%
C,1972052,52,59.60%
CAG,1983029,5,80.00%
CT,1986115,7,57.10%
CAG,1986127,7,42.90%
TG,1992063,32,46.90%
CAG,1992074,32,50.00%
CTG,1994254,35,74.30%
CAG,1994266,35,25.70%
CTG,1994700,16,43.80%
CAG,1994712,16,56.30%
CTG,2003734,68,51.50%
C,2003746,68,48.50%
G,2003748,68,48.50%
C,2006107,13,53.80%
G,2006109,13,53.80%
C,2006119,13,30.80%
G,2006121,13,30.80%
CTG,2035518,24,54.20%
CAG,2035530,24,45.80%
CTG,2044014,11,63.60%
G,2044028,11,27.30%
CTG,2044346,12,41.70%
AG,2044359,12,41.70%
TG,2045590,75,48.00%
CAG,2045601,75,52.00%
CTG,2064273,6,100.00%
C,2065143,5,80.00%
CTG,2075167,31,29.00%
C,2075179,31,71.00%
G,2075181,31,71.00%
CT,2079105,25,40.00%
CAG,2079117,25,60.00%
CT,2080414,16,50.00%
CAG,2080426,16,50.00%
CTG,2084335,23,69.60%
C,2086472,45,33.30%
G,2086474,45,33.30%
CA,2086484,45,64.40%
CTG,2086621,34,61.80%
CTG,2097057,135,51.90%
G,2097071,135,48.10%
CTG,2100735,14,42.90%
C,2100747,14,57.10%
G,2100749,14,57.10%
TG,2102392,16,81.30%
TG,2111790,35,60.00%
CAG,2111801,35,40.00%
CTG,2113560,34 -> 35,51.4% -> 52.9%
CA,2113572,35,42.90%
CT,2113738,65,33.80%
C,2113750,65,63.10%
G,2113752,65,63.10%
CTG,2117534,71,46.50%
CAG,2117546,71,53.50%
C,2122176,6,50.00%
G,2122178,6,50.00%
C,2122188,6,50.00%
TG,2123060,33,48.50%
C,2123071,33,51.50%
G,2123073,33,51.50%
CTG,2128079,29,44.80%
CAG,2128091,29,55.20%
CT,2128743,74,74.30%
AG,2128756,74,25.70%
C,2133553,8,75.00%
G,2133555,8,75.00%
TG,2136271,43,53.50%
AG,2136283,43,46.50%
CAG,2142319,13,100.00%
CTG,2142779,30,96.70%
CTG,2145673,15,46.70%
CAG,2145685,15,53.30%
C,2146636,21,76.20%
G,2146638,21,76.20%
C,2148645,8,50.00%
G,2148647,8,50.00%
CTG,2148673,10,60.00%
CAG,2148685,10,40.00%
CTG,2150012,29,75.90%
CTG,2150204,49,34.70%
CT,2150230,86,53.50%
CAG,2155212,9,44.40%
TG,2166305,36,47.20%
CAG,2166316,36,52.80%
TG,2172776,44,27.30%
A,2172788,44,65.90%
CTG,2179926,86,31.40%
CAG,2179938,86,68.60%
CT,2188091,24,70.80%
CAG,2188103,24,29.20%
G,2197288,9,100.00%
CTG,2206632,15,40.00%
AG,2206645,18,33.30%
CT,2220377,75,53.30%
AG,2222318,5,100.00%
CTG,2226295,132,58.30%
CAG,2226307,132,39.40%
CTG,2232311,6,33.30%
AG,2232324,6,66.70%
TG,2232813,50,62.00%
CAG,2232824,50,38.00%
CT,2236468,15,40.00%
CA,2236480,15,60.00%
C,2239311,18,55.60%
AG,2239324,18,44.40%
G,2241889,13,38.50%
CAG,2241899,13,61.50%
TG,2245351,19,68.40%
C,2245362,19,31.60%
G,2245364,19,31.60%
CTG,2249072,65,73.80%
CAG,2249084,65,26.20%
C,2250360,64,45.30%
G,2250362,64,45.30%
AG,2250373,64,54.70%
CTG,2253465,6,66.70%
CAG,2253477,6,33.30%
CTG,2255023,6,100.00%
AG,2255352,18,100.00%
CT,2255648,12,50.00%
A,2255661,12,50.00%
TG,2257875,116,65.50%
CAG,2257886,116,34.50%
C,2258685,48,100.00%
G,2258687,48,100.00%
CTG,2278749,7,71.40%
AG,2278762,7,28.60%
T,2282654,9,100.00%
C,2283815,77,74.00%
G,2283817,77,72.70%
CAG,2283827,77,26.00%
CTG,2286632,45,68.90%
CAG,2286644,45,31.10%
CTG,2289191,97,47.40%
CAG,2289203,97,52.60%
TG,2290492,8,25.00%
CA,2290503,8,75.00%
CTG,2293872,97,59.80%
CAG,2293884,97,34.00%
C,2294424,89,60.70%
G,2294426,89,60.70%
CAG,2294436,89,39.30%
CTG,2301020,5,100.00%
CTG,2301965,45,33.30%
G,2301976,45,66.70%
C,2303053,73,27.40%
G,2303055,73,27.40%
CAG,2303065,73,72.60%
C,2303297,87,52.90%
G,2303299,87,52.90%
CAG,2303309,87,47.10%
C,2304964,28,50.00%
G,2304966,28,50.00%
AG,2304977,28,50.00%
CTG,2306902,52,67.30%
C,2306914,52,32.70%
G,2306916,52,32.70%
C,2315216,25,80.00%
G,2315218,25,80.00%
CTG,2318887,68,51.50%
CAG,2318899,68,48.50%
CAG,2319336,50 -> 52,82.7% -> 86.0%
CT,2327017,6,83.30%
C,2329659,13,46.20%
G,2329661,13,46.20%
CAG,2329671,13,53.80%
TG,2330659,6,50.00%
CAG,2330670,6,50.00%
CTG,2332193,136,40.40%
CAG,2332205,136,59.60%
T,2344856,47,61.70%
C,2344867,47,38.30%
G,2344869,47,38.30%
CT,2353975,51,47.10%
A,2353988,51,52.90%
CTG,2354575,45,42.20%
CAG,2354587,45,55.60%
CTG,2356923,5,80.00%
CTG,2362052,86,57.00%
C,2362064,86,43.00%
G,2362066,86,43.00%
CTG,2364126,60,41.70%
CAG,2364138,60,58.30%
CTG,2368603,8,37.50%
CAG,2368615,8,62.50%
CT,2377288,89,29.20%
CAG,2377300,89,70.80%
CTG,2381709,101 -> 102,64.7% -> 65.3%
AG,2381722,102,34.30%
CT,2382010,31,35.50%
CAG,2382022,31,64.50%
TG,2391791,118,37.30%
AG,2391803,118,62.70%
CTG,2391986,23,82.60%
CTG,2401525,29,51.70%
C,2401537,29,48.30%
G,2401539,29,48.30%
C,2402381,6,33.30%
G,2402383,6,33.30%
CAG,2402393,6,66.70%
CTG,2405142,37,29.70%
C,2405154,37,70.30%
G,2405156,37,70.30%
CTG,2409973,39,82.10%
CT,2410969,29,34.50%
CA,2410981,29,65.50%
CAG,2414115,35,74.30%
C,2416856,8,25.00%
AG,2416965,9,88.90%
C,2423463,43,79.10%
G,2423465,43,79.10%
CAG,2434619,18 -> 19,26.3% -> 27.8%
CTG,2434701,45,66.70%
CTG,2436967,123,58.50%
CAG,2436979,123,41.50%
C,2439051,49,49.00%
G,2439053,49,49.00%
AG,2439064,49,51.00%
CT,2444493,10,50.00%
CAG,2444505,10,50.00%
TG,2455858,27,59.30%
CAG,2455869,32,28.10%
CTG,2456038,54,40.70%
AG,2456051,53,49.10%
C,2458634,37,45.90%
G,2458636,37,45.90%
CAG,2458646,37,54.10%
CTG,2459270,29,41.40%
AG,2459283,29,58.60%
CTG,2460675,100,45.00%
C,2460687,100,55.00%
TG,2460967,52,25.00%
CAG,2460978,52,75.00%
CTG,2466285,22,54.50%
A,2466298,22,40.90%
CTG,2471892,51,49.00%
AG,2471905,51,51.00%
C,2473227,8,100.00%
G,2473229,8,100.00%
CTG,2482926,114 -> 115,39.1% -> 39.5%
AG,2482939,114,56.10%
CA,2492129,15,100.00%
CTG,2507454,42,47.60%
C,2507466,42,52.40%
G,2507468,42,52.40%
CA,2512710,5,80.00%
CTG,2515685,25,64.00%
A,2515698,25,36.00%
CT,2516473,16,62.50%
CAG,2516485,16,37.50%
CTG,2519832,27,48.10%
CA,2519844,27,51.90%
CTG,2526502,44,31.80%
C,2526514,44,68.20%
G,2526516,44,68.20%
AG,2531613,19,84.20%
T,2544374,31,29.00%
C,2544385,31,71.00%
G,2544387,31,71.00%
TG,2545094,55,34.50%
C,2545105,55,65.50%
G,2545107,55,65.50%
TG,2546782,8,62.50%
C,2546793,8,37.50%
G,2546795,8,37.50%
CTG,2547599,10,50.00%
C,2547611,10,50.00%
G,2547613,10,50.00%
CAG,2548611,8,100.00%
CAG,2555001,35,82.90%
CT,2555172,48,64.60%
CAG,2555184,48,35.40%
C,2558082,58,46.60%
G,2558084,58,46.60%
CAG,2558094,53,43.40%
CTG,2558581,13,84.60%
CAG,2561067,6,100.00%
CAG,2563350,5,100.00%
CT,2565476,55,47.30%
CAG,2565488,55,52.70%
CTG,2566106,32,59.40%
AG,2566119,32,40.60%
CT,2567572,63,49.20%
AG,2567585,63,50.80%
C,2568894,7,85.70%
G,2568896,7,85.70%
T,2569179,7,42.90%
CAG,2569190,7,42.90%
G,2569260,7,28.60%
C,2569270,6,33.30%
G,2569272,6,33.30%
CTG,2570398,12,41.70%
AG,2570411,12,58.30%
C,2572177,37,62.20%
CAG,2572189,37,37.80%
CT,2576476,133,66.20%
CAG,2576488,133,33.80%
CT,2581045,46,41.30%
CAG,2581057,46,58.70%
CTG,2582116,20,80.00%
CTG,2582864,40,40.00%
CAG,2582876,40,60.00%
G,2585811,16,37.50%
CAG,2585821,16,62.50%
CTG,2589125,32,75.00%
CAG,2589137,32,25.00%
C,2592783,9,77.80%
G,2592785,9,77.80%
CT,2597840,22,77.30%
C,2603179,117,50.40%
G,2603181,117,50.40%
CAG,2603191,116,44.80%
CT,2604195,133,34.60%
CA,2604207,134,59.00%
CT,2620627,138,62.30%
CAG,2620639,138,37.00%
CTG,2621965,82,51.20%
CAG,2621977,82,47.60%
G,2625152,190,56.30%
G,2625164,190,43.70%
CTG,2625603,101,40.60%
C,2625615,101,59.40%
G,2625617,101,59.40%
C,2625910,90,41.10%
G,2625912,90,40.00%
C,2625922,90,58.90%
G,2625924,90,58.90%
CTG,2631087,14,42.90%
CAG,2631099,14,57.10%
CTG,2637064,10,50.00%
CAG,2637076,8,37.50%
CTG,2637404,141,68.10%
CAG,2637416,142,29.60%
CAG,2641231,5,60.00%
G,2641547,45,55.60%
AG,2641558,45,42.20%
CTG,2650403,119,49.60%
AG,2650416,119,50.40%
CAG,2655557,8,100.00%
CTG,2658785,6,33.30%
G,2658799,6,66.70%
T,2659899,5,40.00%
C,2659910,5,60.00%
G,2659912,5,60.00%
T,2667282,13,38.50%
AG,2667294,13,61.50%
CTG,2669477,84,54.80%
CAG,2669489,84,45.20%
G,2675360,6,33.30%
A,2675371,6,66.70%
CTG,2680716,31,48.40%
A,2680729,31,51.60%
T,2689860,13,61.50%
CAG,2689871,14,28.60%
CTG,2698467,304,63.20%
CA,2698479,304,36.80%
CTG,2698842,52,48.10%
CAG,2698854,52,50.00%
CTG,2699311,48,31.30%
CAG,2699323,48,68.80%
CTG,2701341,28,67.90%
AG,2701354,28,32.10%
CTG,2702658,10,80.00%
G,2705940,129,60.50%
CA,2705950,129,39.50%
C,2706391,26,57.70%
G,2706393,26,57.70%
CAG,2706404,26,42.30%
C,2708474,19,63.20%
G,2708476,19,63.20%
CA,2708486,19,36.80%
CTG,2708840,44,50.00%
CAG,2708852,44,40.90%
CTG,2708985,29,37.90%
C,2708997,28,50.00%
G,2708999,28,50.00%
AG,2712048,7,85.70%
G,2720685,7,57.10%
AG,2720696,7,42.90%
CTG,2725522,7,57.10%
CAG,2725534,7,42.90%
TG,2728312,26,57.70%
CAG,2728323,26,42.30%
CT,2730416,73,39.70%
CAG,2730428,73,60.30%
C,2731888,83,39.80%
G,2731890,83,39.80%
CAG,2731900,83,60.20%
TG,2738680,16,37.50%
CTG,2738690,33,51.50%
CA,2738702,31,25.80%
CTG,2741716,147,52.40%
C,2741728,147,47.60%
G,2741730,147,47.60%
CTG,2750046,35,74.30%
G,2750060,35,25.70%
CT,2752368,8,37.50%
AG,2752382,8,25.00%
CTG,2752492,55,78.20%
CTG,2753696,85,48.20%
CAG,2753708,85,51.80%
TG,2755770,69,39.10%
A,2755782,69,59.40%
CT,2757074,51,54.90%
CAG,2757086,51,43.10%
CTG,2757560,27,59.30%
AG,2757573,27,37.00%
AG,2764326,15,80.00%
CAG,2765181,45 -> 49,26.5% -> 28.9%
G,2765232,53,26.40%
G,2765244,53,73.60%
CTG,2767156,6,66.70%
C,2767168,6,33.30%
G,2767170,6,33.30%
C,2767695,38,65.80%
G,2767697,38,65.80%
AG,2767708,38,34.20%
CTG,2768315,7,42.90%
CTG,2768396,11,45.50%
C,2768408,11,36.40%
G,2768410,11,36.40%
G,2769605,8,87.50%
CT,2770064,21,100.00%
CTG,2772335,45,91.10%
TG,2774583,20,50.00%
CAG,2774594,20,50.00%
CTG,2775750,12,50.00%
AG,2775763,12,50.00%
CT,2779558,87,43.70%
CA,2779570,87,50.60%
CTG,2783853,31,45.20%
C,2783865,31,54.80%
G,2783867,31,54.80%
CTG,2784946,70,67.10%
AG,2784959,70,32.90%
CTG,2790985,53,49.10%
CAG,2790997,53,50.90%
CTG,2792138,54,48.10%
CAG,2792150,54,51.90%
CTG,2795671,26,61.50%
CAG,2795683,26,38.50%
CTG,2796557,17,58.80%
CA,2796569,17,41.20%
C,2796835,12,50.00%
G,2796837,12,50.00%
C,2796847,12,50.00%
G,2796849,12,50.00%
CTG,2797116,37,43.20%
AG,2797129,37,54.10%
TG,2797946,61,32.80%
AG,2797958,61,67.20%
CTG,2799846,21,38.10%
CAG,2799858,21,61.90%
AG,2803047,25,56.00%
CTG,2808399,14,57.10%
AG,2808410,14,42.90%
TG,2822553,119,45.40%
CAG,2822564,119,54.60%
CTG,2824067,78,43.60%
AG,2824080,78,56.40%
CT,2829710,27,63.00%
CAG,2829722,27,37.00%
CT,2837738,47,42.60%
AG,2837751,47,57.40%
CAG,2838775,62,75.80%
G,2841694,46,67.40%
CAG,2841704,46,32.60%
CTG,2845017,79,31.60%
CAG,2845029,79,67.10%
CA,2847171,27,100.00%
CTG,2852059,34,67.60%
CA,2852071,34,32.40%
CT,2852650,90,27.80%
AG,2852663,90,72.20%
CTG,2856305,10,50.00%
C,2856317,10,50.00%
G,2856319,10,50.00%
CTG,2856880,10,50.00%
C,2856892,10,50.00%
G,2856894,10,50.00%
CTG,2859839,81,51.90%
A,2859852,81,46.90%
C,2861041,91,45.10%
CAG,2861053,91,54.90%
TG,2867765,34,67.60%
CAG,2867775,34,32.40%
CTG,2868840,50,50.00%
CAG,2868852,50,50.00%
TG,2869277,105,45.70%
CAG,2869288,101,48.50%
CTG,2871824,166,44.00%
G,2871838,166,56.00%
CTG,2873552,12,33.30%
CAG,2873564,12,66.70%
CAG,2874050,55,76.40%
CAG,2874841,5,100.00%
CTG,2875540,217,38.20%
CAG,2875552,217,61.80%
CTG,2876775,64,34.40%
AG,2876788,64,65.60%
CTG,2878626,5,60.00%
CT,2879023,78,41.00%
CAG,2879035,78,57.70%
C,2879721,53,62.30%
G,2879723,53,62.30%
CAG,2879733,53,37.70%
CTG,2880761,5,100.00%
C,2886711,10,40.00%
G,2886713,13,30.80%
TG,2886850,183,69.40%
CAG,2886861,183,29.00%
CTG,2887786,97,47.40%
CAG,2887798,97,52.60%
CTG,2889398,6,83.30%
CTG,2890234,77,32.50%
CA,2890243,77,67.50%
CT,2891238,8,37.50%
C,2891250,8,62.50%
G,2891252,8,62.50%
TG,2891774,100,56.00%
CAG,2891785,100,44.00%
CT,2898069,10,40.00%
CTG,2898082,13 -> 15,33.3% -> 38.5%
CAG,2898094,13,30.80%
AG,2900543,18,83.30%
C,2902661,64,42.20%
G,2902663,64,42.20%
AG,2902674,64,57.80%
C,2905321,19,57.90%
G,2905323,19,57.90%
CAG,2905333,19,42.10%
C,2905506,8,37.50%
G,2905508,8,37.50%
CTG,2906548,52,57.70%
CAG,2906560,54,40.70%
C,2906771,34,47.10%
G,2906773,34,47.10%
C,2906783,34,50.00%
G,2906785,34,50.00%
C,2909927,84,48.80%
G,2909929,84,48.80%
CAG,2909939,84,51.20%
CTG,2911445,62,30.60%
CAG,2911457,63 -> 64,65.6% -> 66.7%
TG,2911587,20,25.00%
CA,2911598,16 -> 17,29.4% -> 31.3%
CTG,2912631,93,69.90%
CAG,2912643,93,30.10%
C,2914075,9,77.80%
G,2914077,9,77.80%
CTG,2918313,72,37.50%
G,2918327,72,56.90%
G,2919923,10,50.00%
C,2919934,10,50.00%
CT,2920253,45,31.10%
G,2920267,45,68.90%
C,2922964,119,59.70%
G,2922966,119,59.70%
C,2922976,119,40.30%
G,2922978,119,40.30%
CT,2924981,7,57.10%
C,2924993,7,42.90%
G,2924995,7,42.90%
CTG,2931451,40,52.50%
CAG,2931463,40,45.00%
G,2933445,91,36.30%
G,2933457,91,63.70%
CTG,2936896,59,30.50%
AG,2936909,59,69.50%
CTG,2939676,57,38.60%
CAG,2939688,57,61.40%
CTG,2940891,123,36.60%
G,2940905,123,63.40%
CTG,2941930,7,71.40%
CA,2941942,7,28.60%
CTG,2946944,111,30.60%
CAG,2946956,111,68.50%
CT,2949740,180,67.20%
CAG,2949752,180,32.20%
CTG,2950330,9,55.60%
AG,2950343,9,44.40%
CTG,2955052,29,31.00%
CAG,2955064,29,69.00%
CAG,2956165,123,64.20%
CTG,2956302,112,43.80%
CAG,2956314,111,54.10%
C,2957734,16,81.30%
G,2957736,16,81.30%
CT,2967965,19,26.30%
AG,2967978,19,73.70%
CTG,2968398,80,46.30%
AG,2968411,80,50.00%
CT,2974897,15,33.30%
CAG,2974909,15,66.70%
CT,2975401,6,66.70%
CAG,2975413,6,33.30%
C,2978891,51,39.20%
C,2978903,51,56.90%
G,2978905,51,56.90%
TG,2983195,10,60.00%
CAG,2983206,10,40.00%
AG,2984285,35,80.00%
G,2986871,64,46.90%
AG,2986882,64,53.10%
C,2989715,63,92.10%
G,2989717,63,92.10%
TG,2997997,75,46.70%
C,2998008,75,53.30%
CTG,2998636,44,52.30%
A,2998649,44,45.50%
TG,2998979,7,85.70%
TG,2999997,37,51.40%
CAG,3000008,37,48.60%
C,3001592,23,39.10%
G,3001594,23,39.10%
CTG,3001696,74,31.10%
CAG,3001708,72 -> 74,29.7% -> 30.6%
C,3001738,104,51.90%
G,3001740,104,51.90%
CT,3008866,164,47.60%
CAG,3008878,164,52.40%
CAG,3013809,166,78.90%
T,3018148,63,65.10%
CAG,3018159,63,33.30%
CTG,3019174,61,47.50%
CAG,3019186,61,52.50%
CT,3019245,49,46.90%
G,3020863,16,56.30%
CAG,3020873,16,43.80%
CTG,3021687,64,51.60%
AG,3021700,64,43.80%
CTG,3022638,74,40.50%
AG,3022651,74,59.50%
C,3024224,71,59.20%
AG,3024237,71,40.80%
CTG,3025018,146,39.00%
C,3025030,146,58.90%
G,3025032,146,58.90%
G,3027590,5,60.00%
AG,3027601,5,40.00%
TG,3029206,29,62.10%
CAG,3029217,29,37.90%
G,3029752,9,77.80%
CTG,3032753,8,37.50%
C,3032765,8,62.50%
TG,3033297,60,46.70%
AG,3033309,60,53.30%
CTG,3034607,108,38.90%
CAG,3034619,108,60.20%
CTG,3035125,6,50.00%
CA,3035137,6,50.00%
CT,3037902,106,34.00%
CAG,3037914,108,59.30%
CTG,3038008,49,49.00%
CTG,3039526,32,50.00%
G,3039540,32,50.00%
CT,3039834,5,100.00%
CAG,3040549,49 -> 50,86.0% -> 87.8%
CAG,3040614,8,87.50%
C,3041561,16,37.50%
G,3041563,16,37.50%
C,3041573,16,56.30%
G,3041575,16,56.30%
G,3045592,28,53.60%
C,3045603,28,46.40%
G,3045605,28,46.40%
CT,3046750,9,66.70%
AG,3046763,9,33.30%
G,3047316,96,46.90%
AG,3047327,96,46.90%
CTG,3048685,90,47.80%
CAG,3048697,89,51.70%
CTG,3052385,7,71.40%
CAG,3052397,7,28.60%
CTG,3053692,53,47.20%
CAG,3053699,53,50.90%
G,3055623,9,77.80%
CTG,3071845,14,28.60%
CA,3071857,14,71.40%
CTG,3075504,73,68.50%
C,3075516,73,31.50%
G,3075518,73,31.50%
G,3076280,10,80.00%
CT,3076751,40,55.00%
AG,3076764,40,45.00%
C,3077164,30,80.00%
G,3077166,30,80.00%
C,3079593,65,95.40%
G,3079595,65,95.40%
C,3079846,72,59.70%
G,3079848,70,61.40%
CAG,3079858,69,34.80%
CAG,3083016,6,100.00%
CT,3087502,86,46.50%
AG,3087515,86,52.30%
C,3088084,89,53.90%
GG,3088086,89,52.80%
AG,3088098,89,44.90%
G,3088511,25,52.00%
A,3088522,25,48.00%
AG,3089515,10,100.00%
CTG,3091603,139,34.50%
CAG,3091615,139,65.50%
CTG,3092159,62,54.80%
G,3092173,62,45.20%
CT,3096741,11,54.50%
CAG,3096753,11,45.50%
C,3097660,7,42.90%
CAG,3097672,7,57.10%
CT,3098519,17,52.90%
C,3098531,17,47.10%
G,3098533,17,47.10%
CTG,3099242,178,33.10%
AG,3099255,178,66.90%
CTG,3100146,32,46.90%
CA,3100158,32,53.10%
CTG,3102060,49,32.70%
CAG,3102072,49,67.30%
CTG,3102861,62,41.90%
C,3102873,62,58.10%
TG,3103916,12,66.70%
CAG,3103927,12,33.30%
CTG,3104936,36,41.70%
AG,3104949,36,58.30%
A,3106601,7,28.60%
CTG,3106716,30,66.70%
C,3106727,30,33.30%
A,3108689,10,80.00%
TG,3108919,21,33.30%
CAG,3108926,21,66.70%
C,3109404,33,100.00%
CTG,3110952,66,39.40%
CAG,3110964,66,60.60%
C,3112601,87,75.90%
G,3112603,87,75.90%
CTG,3115650,14,100.00%
CTG,3116464,9,100.00%
CTG,3118238,135,43.00%
CAG,3118250,135,57.00%
C,3118708,6,50.00%
G,3118710,6,33.30%
C,3118720,6,50.00%
C,3119220,35,77.10%
G,3119222,35,77.10%
CTG,3120495,8,87.50%
AG,3125553,5,80.00%
CTG,3137590,5,60.00%
CAG,3137602,5,40.00%
G,3139535,64,46.90%
AG,3139546,64,53.10%
CTG,3140776,5,60.00%
CTG,3141447,60,50.00%
AG,3141460,60,50.00%
CTG,3142455,71,45.10%
CAG,3142467,71,52.10%
C,3145199,79,36.70%
G,3145201,79,36.70%
G,3145213,79,63.30%
CAG,3145977,7,85.70%
C,3147477,14,50.00%
G,3147479,14,50.00%
A,3147490,14,50.00%
AG,3148111,25,84.00%
C,3155351,7,28.60%
G,3155353,7,28.60%
C,3155359,7,71.40%
G,3155361,7,71.40%
CTG,3156296,14,35.70%
C,3156308,14,64.30%
G,3156310,14,64.30%
CTG,3160350,26,34.60%
G,3160364,30,46.70%
CTG,3160596,96,50.00%
CAG,3160608,96,50.00%
CTG,3161285,9,66.70%
C,3161568,41,41.50%
CAG,3161580,41,58.50%
CT,3162580,147,44.20%
CAG,3162592,145 -> 147,51.0% -> 51.7%
TG,3165090,55,100.00%
CTG,3167922,110,54.50%
CAG,3167934,110,41.80%
CTG,3169581,81,63.00%
C,3169593,81,37.00%
G,3169595,81,37.00%
CTG,3171814,74,41.90%
C,3171826,74,58.10%
G,3171828,74,58.10%
TG,3172800,51,35.30%
CAG,3172811,51,62.70%
C,3178752,21,52.40%
G,3178754,21,47.60%
C,3178764,21,47.60%
G,3178766,21,47.60%
AG,3181388,14,85.70%
CTG,3181707,39,38.50%
AG,3181720,39,61.50%
G,3186967,22,68.20%
AG,3186978,22,31.80%
CTG,3187627,74,50.00%
CA,3187639,74,50.00%
TG,3187988,12,66.70%
G,3188001,12,33.30%
CTG,3189134,10,30.00%
CA,3189146,10,70.00%
CTG,3190397,106,82.10%
CTG,3192471,17,52.90%
CAG,3192483,17,47.10%
T,3195053,31,45.20%
AG,3195065,31,54.80%
TG,3195529,37,73.00%
CAG,3195540,37,27.00%
CTG,3197604,157,27.40%
AG,3197617,157,70.70%
CTG,3198600,10,90.00%
CT,3200218,150 -> 151,31.1% -> 31.3%
CAG,3200230,153,65.40%
G,3200343,31,38.70%
TG,3200579,15,53.30%
CAG,3200590,15,46.70%
CTG,3203585,6,50.00%
CA,3203597,6,50.00%
CT,3203846,77,61.00%
C,3203858,77,39.00%
CT,3204224,52,25.00%
CAG,3204236,52,75.00%
CTG,3208832,30,63.30%
C,3208844,30,33.30%
TG,3209629,123,48.80%
CAG,3209640,123,51.20%
CTG,3210456,36,44.40%
C,3210468,36,55.60%
CTG,3213048,64,46.90%
CTG,3214012,11,27.30%
CAG,3214024,11,72.70%
CTG,3215392,6,50.00%
G,3215406,6,33.30%
C,3217240,53,41.50%
G,3217242,53,41.50%
CAG,3217252,53,58.50%
CTG,3219709,20,35.00%
CAG,3219721,26,42.30%
CTG,3219891,128,63.30%
G,3219905,126,34.90%
T,3220171,39,97.40%
CAG,3221939,7,71.40%
G,3222379,26,42.30%
CA,3222389,26,57.70%
C,3223640,6,66.70%
G,3223642,6,66.70%
C,3223652,6,33.30%
G,3223654,6,33.30%
CTG,3233608,104,31.70%
CAG,3233620,104,65.40%
C,3234659,101,34.70%
G,3234661,101,34.70%
CAG,3234671,101,63.40%
CT,3238089,9,88.90%
CTG,3239013,18,72.20%
CAG,3239025,18,27.80%
C,3240950,7,42.90%
G,3240952,7,42.90%
AG,3240963,8,25.00%
CTG,3241114,58,70.70%
CAG,3241126,57,26.30%
C,3242438,18,27.80%
G,3242440,18,27.80%
CTG,3242520,22,45.50%
CAG,3242532,22,45.50%
CTG,3244204,27,55.60%
C,3244216,27,44.40%
G,3244218,27,44.40%
CTG,3251792,33,36.40%
CAG,3251801,33,63.60%
G,3251938,7,57.10%
CTG,3252853,117,40.20%
C,3252865,117,59.00%
G,3252867,117,59.00%
C,3253450,7,85.70%
CTG,3253665,10,60.00%
CAG,3253677,10,40.00%
A,3254898,68,29.40%
CTG,3254944,86,45.30%
CA,3254956,86,39.50%
CTG,3256312,34,35.30%
CAG,3256324,34 -> 35,25.7% -> 26.5%
TG,3256427,78,60.30%
CA,3256438,78,28.20%
CTG,3258089,11,63.60%
AG,3258102,11,36.40%
CT,3260174,44,52.30%
G,3260188,44,47.70%
CTG,3260956,93,43.00%
C,3260968,93,57.00%
G,3260970,93,57.00%
CTG,3261132,12,50.00%
G,3261146,12,25.00%
G,3261576,79,54.40%
CAG,3261586,79,45.60%
C,3262166,18,50.00%
C,3262178,18,50.00%
G,3262180,18,50.00%
CTG,3266365,74,29.70%
CAG,3266377,74,68.90%
CTG,3267256,40,32.50%
C,3267268,40,67.50%
G,3267270,40,65.00%
TG,3267811,87,59.80%
CA,3267822,87,39.10%
G,3269090,67,50.70%
G,3269102,67,49.30%
CTG,3269888,5,60.00%
C,3269900,5,40.00%
G,3269902,5,40.00%
CTG,3271123,128,53.10%
G,3271137,128,46.90%
G,3271518,92,53.30%
G,3271530,92,41.30%
CTG,3271676,56,44.60%
CAG,3271688,52,32.70%
C,3274832,209,40.20%
G,3274834,209,40.20%
G,3274847,210,47.60%
A,3275095,92,68.50%
CA,3275169,46,32.60%
TG,3276369,7,85.70%
AG,3277901,13,92.30%
C,3279810,8,37.50%
G,3279812,8,37.50%
AG,3279823,8,62.50%
CTG,3280137,146,50.00%
CAG,3280149,137,43.80%
G,3289213,149,53.70%
C,3289223,149,46.30%
TG,3291236,11,90.90%
CTG,3292930,10,60.00%
CAG,3292941,10,40.00%
CTG,3303686,116,54.30%
CAG,3303698,116,45.70%
C,3304984,349,71.30%
G,3304986,349,71.30%
AG,3304997,349,28.70%
TG,3306201,21,52.40%
CAG,3306212,21,33.30%
TG,3306434,68,64.70%
G,3306447,68,35.30%
C,3308881,41,51.20%
C,3308893,40,47.50%
G,3308895,40,47.50%
CT,3311308,54,44.40%
CAG,3311320,54,55.60%
CAG,3311886,7,85.70%
CTG,3317631,34,64.70%
CAG,3317643,34,35.30%
CTG,3320082,25,52.00%
C,3320094,25,48.00%
TG,3321636,157,38.90%
AG,3321648,163,56.40%
CTG,3324496,6,33.30%
CAG,3324508,6,66.70%
CTG,3325985,6,100.00%
CTG,3326941,117,100.00%
T,3327991,89,66.30%
CAG,3328002,89,33.70%
CT,3328623,97,63.90%
CAG,3328635,97,36.10%
CTG,3330485,7,71.40%
CAG,3330497,7,28.60%
CAG,3331022,5,80.00%
C,3331715,136,81.60%
G,3331717,136,81.60%
TG,3333190,8,62.50%
CAG,3333201,8,37.50%
CTG,3334983,9,33.30%
A,3334996,10,50.00%
CAG,3335218,5,100.00%
CT,3341127,41,48.80%
G,3341141,41,51.20%
CTG,3341820,159,47.80%
AG,3341833,159,51.60%
CT,3344363,97,40.20%
A,3344376,97,59.80%
CTG,3345327,15,100.00%
C,3349203,49,49.00%
G,3349205,49,49.00%
CT,3357872,168,56.00%
CA,3357883,168,44.00%
CTG,3359267,53,47.20%
AG,3359280,53,50.90%
CT,3360296,99,59.60%
CA,3360308,99,40.40%
TG,3361736,144,30.60%
AG,3361748,144,69.40%
AG,3362989,57,100.00%
CTG,3363523,9,33.30%
CAG,3363536,9,66.70%
CTG,3365654,7,28.60%
CAG,3365663,7,71.40%
C,3365966,54,64.80%
T,3366126,118,44.90%
CAG,3366137,118,55.10%
CTG,3366613,118,60.20%
CAG,3366625,118,39.80%
C,3366728,88,43.20%
G,3366730,87,43.70%
C,3367352,9,33.30%
G,3367354,9,33.30%
C,3367364,9,66.70%
G,3367366,9,66.70%
CTG,3367611,6,50.00%
AG,3367624,6,50.00%
CTG,3370225,42,35.70%
AG,3370238,42,64.30%
CTG,3371370,12,66.70%
CAG,3371378,12,33.30%
CTG,3377005,49,28.60%
TG,3377011,101,51.50%
C,3377022,99,28.30%
G,3377024,99,28.30%
TG,3379679,43,100.00%
C,3380623,20,70.00%
G,3380625,20,70.00%
CAG,3380635,20,30.00%
CTG,3383656,21,42.90%
CAG,3383668,21,57.10%
AG,3385983,18,77.80%
CTG,3390135,8,87.50%
CTG,3398229,77,55.80%
G,3398242,77,35.10%
CTG,3400483,27,25.90%
AG,3400496,27,74.10%
CTG,3402244,13,38.50%
A,3402257,14,42.90%
CAG,3402400,11,81.80%
CTG,3404912,36,58.30%
CAG,3404924,36,41.70%
CTG,3406721,99,58.60%
CA,3406733,99,40.40%
CT,3407649,116,61.20%
C,3407661,116,38.80%
G,3407663,116,38.80%
C,3408595,94,63.80%
G,3408597,94,63.80%
C,3408607,94,36.20%
G,3408609,94,36.20%
CT,3410034,38,60.50%
CAG,3410046,38,39.50%
C,3413586,94,53.20%
CAG,3413598,94,46.80%
CAG,3415169,29,100.00%
CTG,3415808,57,35.10%
AG,3415821,57,64.90%
CT,3420418,27,66.70%
C,3420430,27,33.30%
G,3420432,27,33.30%
C,3421596,40,52.50%
CAG,3421608,40,47.50%
CAG,3424494,65,69.20%
G,3425745,9,88.90%
CTG,3426862,7,28.60%
CAG,3426874,7,71.40%
CTG,3429320,224,43.80%
CAG,3429332,224,55.80%
TG,3432185,7,57.10%
AG,3432197,7,42.90%
CTG,3434248,105,36.20%
AG,3434261,105,63.80%
CTG,3441498,40,57.50%
AG,3441511,40,35.00%
CTG,3442034,16,100.00%
CT,3443399,120,29.20%
C,3443411,120,70.80%
G,3443413,120,70.80%
CTG,3449194,13,76.90%
C,3452030,61,78.70%
CTG,3452942,7,71.40%
CAG,3452954,7,28.60%
CTG,3464574,50,82.00%
TG,3470887,69,49.30%
CAG,3470898,69,50.70%
CTG,3473888,9,33.30%
CAG,3473900,11,54.50%
CTG,3481305,11,54.50%
AG,3481318,11,45.50%
C,3484561,17,58.80%
G,3484563,17,58.80%
CAG,3484573,17,41.20%
CTG,3502518,52,53.80%
CAG,3502531,52,46.20%
TG,3502768,6,66.70%
T,3502896,6,33.30%
CAG,3502907,6,50.00%
A,3507022,6,50.00%
AG,3511062,14,42.90%
AG,3511080,10,50.00%
TG,3512242,5,100.00%
CT,3519313,47,83.00%
C,3521701,63,46.00%
G,3521703,63,46.00%
CAG,3521713,63,54.00%
CTG,3522423,83 -> 84,56.0% -> 56.6%
CAG,3522435,84,42.90%
C,3524392,71,63.40%
G,3524394,71,63.40%
G,3524406,71,36.60%
TG,3525963,32,25.00%
CAG,3525974,32,71.90%
CA,3532353,5,80.00%
CTG,3534353,26,30.80%
CAG,3534365,26,69.20%
CTG,3535903,27,37.00%
AG,3535916,27,44.40%
TG,3535928,25,40.00%
CTG,3536898,40,75.00%
C,3536910,40,25.00%
G,3536912,40,25.00%
CAG,3537168,17,94.10%
CAG,3537681,9,100.00%
CT,3539017,12,100.00%
CTG,3539599,5,40.00%
C,3539938,86,64.00%
G,3539940,86,62.80%
CA,3539950,86,36.00%
C,3540964,9,33.30%
G,3540966,9,33.30%
C,3540976,9,44.40%
TG,3541827,419,26.70%
CAG,3541838,325,35.70%
TG,3542462,70,58.60%
G,3542474,70,41.40%
AG,3544273,140,78.60%
CTG,3545178,6,100.00%
TG,3546334,32,53.10%
G,3546347,32,46.90%
CTG,3547382,48,62.50%
CAG,3547394,48,37.50%
C,3547622,38,50.00%
A,3547635,38,47.40%
CTG,3548405,16,37.50%
CAG,3548417,16,62.50%
CT,3553075,9,55.60%
AG,3553088,9,44.40%
TG,3553546,173,47.40%
AG,3553558,173,52.00%
T,3554905,14,64.30%
CAG,3554916,14,35.70%
CTG,3556448,158,31.00%
CAG,3556460,158,69.00%
TG,3556944,20,50.00%
AG,3556956,20,50.00%
CTG,3559262,47,72.30%
CAG,3559274,47,27.70%
CTG,3564346,152,56.60%
C,3564358,152,43.40%
G,3564360,152,43.40%
CTG,3567005,81,65.40%
CAG,3567017,81,34.60%
C,3568451,76,77.60%
G,3568453,76,77.60%
TG,3571251,9,33.30%
CAG,3571262,9,66.70%
CTG,3571703,43,37.20%
C,3571715,43,62.80%
G,3571717,43,62.80%
CAG,3572201,63,73.00%
T,3578771,7,28.60%
CAG,3578782,7,71.40%
CTG,3579234,59,37.30%
CAG,3579246,59,62.70%
CTG,3580071,11,72.70%
CAG,3580083,11,27.30%
TG,3585635,222,38.70%
CAG,3585646,222,60.40%
CTG,3587106,54,31.50%
CA,3587118,54,68.50%
CAG,3588384,5,80.00%
T,3591936,129,48.10%
C,3591947,129,51.20%
G,3591949,129,51.20%
C,3593359,103,32.00%
G,3593361,103,32.00%
CAG,3593371,103,68.00%
CTG,3593740,135,32.60%
AG,3593753,137,30.70%
TG,3593788,141,31.20%
C,3593799,141,36.20%
G,3593801,141,36.20%
CT,3594284,6,100.00%
AG,3594512,77,75.30%
CTG,3594705,120,77.50%
CT,3595533,8,62.50%
CAG,3595545,8,37.50%
CT,3598820,86,52.30%
CAG,3598832,86,47.70%
CT,3602030,5,60.00%
CAG,3602042,5,40.00%
C,3610354,32,46.90%
AG,3610367,32,53.10%
CT,3612178,120,55.00%
CAG,3612190,120,45.00%
C,3612974,7,28.60%
G,3612976,7,28.60%
CA,3612986,7,57.10%
CTG,3616352,119,53.80%
AG,3616365,119,45.40%
CTG,3620762,97 -> 98,30.6% -> 30.9%
CAG,3620774,98,57.10%
C,3622193,65,52.30%
G,3622195,65,52.30%
CAG,3622205,65,47.70%
A,3625484,19,100.00%
CAG,3630749,6,83.30%
AG,3631788,12,41.70%
CTG,3631903,34,38.20%
CAG,3631915,33,60.60%
CTG,3632383,18,27.80%
CAG,3632395,18,66.70%
TG,3633347,26,57.70%
G,3633360,26,38.50%
C,3633794,7,85.70%
G,3633796,7,85.70%
C,3633830,8,25.00%
CTG,3636636,160,43.80%
C,3636648,160,56.30%
G,3636650,160,56.30%
G,3637349,52,26.90%
CAG,3637359,52,73.10%
G,3637838,73,34.20%
CA,3637848,73,65.80%
CTG,3639793,14,50.00%
AG,3639806,14,50.00%
CTG,3640924,40,47.50%
CAG,3640936,40,52.50%
CAG,3641709,5,100.00%
CTG,3641910,8,50.00%
CAG,3641922,7 -> 8,37.5% -> 42.9%
G,3643211,7,85.70%
C,3643818,63,55.60%
CAG,3643830,62 -> 63,42.9% -> 43.5%
A,3644306,14,92.90%
TG,3646017,131,38.90%
CTG,3646021,273,52.00%
CAG,3646033,273,29.30%
C,3646934,80,28.70%
G,3646936,80,28.70%
CAG,3646946,82 -> 84,31.0% -> 31.7%
CT,3646993,84,36.90%
C,3647005,84,38.10%
G,3647007,83,38.60%
C,3647617,63,50.80%
CAG,3647629,61,37.70%
C,3651303,67,43.30%
G,3651305,67,43.30%
CTG,3654596,333,31.80%
AG,3654609,333,68.20%
CTG,3656240,38,57.90%
CAG,3656252,38,42.10%
C,3656412,18,55.60%
G,3656414,17,58.80%
CAG,3656424,14,28.60%
CTG,3657349,116,37.90%
CA,3657357,116,62.10%
CTG,3657569,92,55.40%
CAG,3657581,92,44.60%
C,3658578,27,25.90%
G,3658580,27,25.90%
CAG,3658590,27,63.00%
CTG,3658772,7,71.40%
CAG,3658784,7,28.60%
TG,3659918,11,63.60%
CA,3659929,11,36.40%
CTG,3660181,16,87.50%
C,3661971,24,50.00%
G,3661973,24,54.20%
CAG,3661983,24,41.70%
CT,3666389,28,53.60%
CA,3666401,28,32.10%
C,3666507,17,29.40%
C,3669618,185,41.10%
A,3669631,185,58.90%
TG,3671021,54,40.70%
CAG,3671032,54,59.30%
CAG,3673485,14,85.70%
CT,3674673,8,62.50%
CAG,3674685,9,33.30%
CTG,3674840,77,80.50%
G,3675803,184,51.60%
A,3675814,184,48.40%
CTG,3677022,12,91.70%
CTG,3679251,118,74.60%
AG,3679264,118,25.40%
CTG,3682708,28,32.10%
C,3682720,28,67.90%
G,3682722,28,67.90%
C,3687157,12,25.00%
G,3687159,12,25.00%
CAG,3687169,12,75.00%
CT,3691473,8,37.50%
C,3691485,8,62.50%
G,3691487,8,62.50%
C,3691631,31,87.10%
G,3691633,31,83.90%
CTG,3693834,227,66.10%
CAG,3693846,227,33.50%
CAG,3695482,13,61.50%
TG,3696644,17,64.70%
CAG,3696655,17,35.30%
CTG,3700804,28,85.70%
CTG,3703449,43,34.90%
CAG,3703461,43,55.80%
T,3704484,121,33.90%
AG,3704496,121,62.80%
C,3704934,18,38.90%
G,3704936,18,38.90%
A,3704947,16,56.30%
T,3708412,81,43.20%
CAG,3708423,81,56.80%
CTG,3714443,119,57.10%
AG,3714456,119,40.30%
C,3715991,238,47.90%
G,3715993,238,47.90%
CAG,3716003,238,51.70%
CTG,3718443,32,37.50%
C,3718451,32,59.40%
G,3718589,12,58.30%
CTG,3720459,15,93.30%
TG,3724901,49,36.70%
CAG,3724912,49,63.30%
CTG,3734887,22,27.30%
AG,3734900,22,72.70%
CAG,3736154,5,100.00%
CTG,3738830,8,62.50%
CAG,3738842,8,37.50%
CTG,3739258,60,35.00%
CA,3739270,60,65.00%
C,3740321,167,64.10%
G,3740323,167,64.10%
AG,3740334,167,34.70%
CAG,3741994,6,83.30%
CT,3743042,70,92.90%
CTG,3748957,173,39.30%
C,3748969,173,60.70%
G,3748971,173,60.70%
A,3749750,112,65.20%
CTG,3749983,14 -> 15,33.3% -> 35.7%
CAG,3749995,16,25.00%
T,3750207,64,34.40%
AG,3750219,64,53.10%
T,3753650,95,67.40%
CA,3753661,95,32.60%
CTG,3755930,6,50.00%
C,3755942,6,50.00%
G,3755944,6,50.00%
CTG,3757296,96,27.10%
CAG,3757308,96,69.80%
CT,3758838,270,36.30%
CAG,3758850,269,63.60%
CTG,3759118,39,48.70%
CAG,3759130,39,51.30%
C,3759455,124,32.30%
G,3759457,124,32.30%
CAG,3759467,123,62.60%
CTG,3760610,14,35.70%
CAG,3760622,14,64.30%
C,3760880,92,55.40%
G,3760882,92,55.40%
AG,3760893,92,44.60%
TG,3762440,8,75.00%
AG,3762452,8,25.00%
TG,3763718,63,44.40%
CA,3763729,63,52.40%
CAG,3767691,51,90.20%
C,3771129,31,45.20%
G,3771143,31,54.80%
CTG,3772233,7,28.60%
C,3772242,7,71.40%
G,3772244,7,71.40%
CTG,3773505,63,60.30%
CAG,3773517,63,39.70%
CT,3774376,139,73.40%
CA,3774388,139,26.60%
CTG,3776447,116,92.20%
CTG,3777042,168,51.80%
C,3777054,168,45.80%
G,3777056,168,45.80%
CTG,3778898,5,60.00%
CAG,3778910,5,40.00%
CTG,3783562,124,40.30%
AG,3783575,124,58.90%
TG,3785544,124,51.60%
CA,3785555,124,48.40%
TG,3786884,173,41.60%
AG,3786896,173,58.40%
CTG,3787350,44,45.50%
CAG,3787362,44,54.50%
CT,3790979,284,26.10%
AG,3790992,285,32.30%
CTG,3791003,270,28.50%
C,3791015,271,41.70%
C,3792746,130,33.10%
G,3792748,130,33.10%
CAG,3792758,130,66.20%
CTG,3794514,8,37.50%
A,3794527,8,62.50%
G,3800399,15,46.70%
CAG,3800409,15,53.30%
G,3803705,7,71.40%
CTG,3804411,5,60.00%
CAG,3804423,5,40.00%
CT,3808243,154,58.40%
AG,3808256,154,41.60%
G,3808819,6,33.30%
AG,3808830,6,66.70%
CTG,3809860,81,42.00%
CAG,3809872,81,58.00%
CTG,3810724,12,83.30%
C,3812818,14,42.90%
G,3812820,14,42.90%
A,3812831,14,57.10%
C,3815864,143,65.70%
G,3815866,143,65.70%
AG,3815877,143,34.30%
CAG,3816909,150,85.30%
CT,3818398,17,58.80%
AG,3818411,17,41.20%
CTG,3820460,319,62.40%
G,3820474,319,37.00%
CAG,3821149,5,100.00%
CTG,3822732,18,33.30%
CAG,3822744,18,66.70%
CTG,3823084,6,66.70%
CAG,3823096,6,33.30%
CT,3823626,104,72.10%
CAG,3823638,104,27.90%
CT,3824547,8,37.50%
AG,3824560,8,62.50%
C,3825115,193,72.00%
G,3825117,193,72.00%
CAG,3825127,193,28.00%
CTG,3826291,50,30.00%
CAG,3826303,50,70.00%
CTG,3827239,110,55.50%
CAG,3827251,110,42.70%
CTG,3827426,10,30.00%
CA,3829582,6,83.30%
CTG,3831749,125,36.80%
C,3831761,125,56.80%
G,3831763,125,57.60%
CTG,3832109,48,60.40%
AG,3832122,48,39.60%
TG,3832739,7,28.60%
C,3832750,8,25.00%
CT,3832829,16,50.00%
G,3832843,17,29.40%
CTG,3834395,79,45.60%
CAG,3834407,79,54.40%
TG,3835452,35,57.10%
CAG,3835463,35,42.90%
CTG,3836272,48,45.80%
CAG,3836284,48,54.20%
CT,3836875,15,53.30%
C,3836887,16,31.30%
G,3836889,16,31.30%
CTG,3836930,17,35.30%
CTG,3838232,212,52.80%
CAG,3838244,212,47.20%
CTG,3839848,72,66.70%
G,3839862,72,33.30%
T,3841924,279,64.50%
AG,3841936,279,35.10%
CTG,3842252,15,46.70%
CA,3842264,15,53.30%
CTG,3845119,13,38.50%
CAG,3845131,13,61.50%
CTG,3846002,20,45.00%
CAG,3846014,20,55.00%
CTG,3847358,8,75.00%
C,3847370,8,25.00%
G,3847372,8,25.00%
C,3847675,30,60.00%
G,3847677,30,60.00%
CAG,3847687,30,40.00%
TG,3849007,27,37.00%
CAG,3849018,27,59.30%
CTG,3849425,55,40.00%
CAG,3849437,55,60.00%
CTG,3850350,81,58.00%
AG,3850363,81,42.00%
CA,3851543,88,72.70%
AG,3852564,5,100.00%
C,3854052,11,45.50%
G,3854054,11,45.50%
CAG,3854064,11,27.30%
C,3854085,10,30.00%
G,3854087,10,30.00%
C,3855322,55,30.90%
G,3855324,55,32.70%
A,3855335,55,69.10%
CTG,3857563,5,60.00%
CAG,3857575,5,40.00%
CTG,3859289,6,83.30%
CTG,3859792,72 -> 73,46.6% -> 47.2%
CAG,3859804,73,50.70%
G,3860326,197,67.50%
CA,3860336,197,32.50%
CTG,3860774,5,40.00%
C,3860786,5,60.00%
TG,3861091,6,83.30%
C,3862640,22,68.20%
G,3862642,22,68.20%
CA,3862652,22,31.80%
CTG,3862935,145,53.10%
CA,3862947,145,46.90%
CA,3863323,15,60.00%
CAG,3863459,13 -> 14,35.7% -> 38.5%
CTG,3863637,191,30.40%
AG,3863650,191,69.10%
CTG,3865162,6,83.30%
T,3865728,158,42.40%
C,3865739,158,57.60%
G,3865741,158,57.60%
C,3868655,12,41.70%
G,3868657,12,33.30%
CAG,3868667,12,58.30%
TG,3871295,12,83.30%
TG,3871856,217,32.70%
AG,3871868,217,67.30%
CT,3873707,213,62.90%
CAG,3873719,213,37.10%
TG,3874266,11,36.40%
A,3874278,11,63.60%
C,3876374,7,57.10%
C,3876386,7,42.90%
G,3876388,7,42.90%
CA,3878982,35,100.00%
C,3880763,167,51.50%
G,3880765,167,51.50%
AG,3880776,167,47.30%
CTG,3883511,58,63.80%
C,3883523,58,36.20%
G,3883525,58,36.20%
CTG,3884134,36,52.80%
CAG,3884146,36,47.20%
CTG,3885007,18,61.10%
CTG,3885183,222,49.10%
AG,3885196,221,49.80%
CTG,3888586,166,50.00%
CAG,3888598,166,50.00%
CTG,3888818,7 -> 8,25.0% -> 28.6%
CA,3890030,90,98.90%
T,3891020,188,65.40%
CAG,3891031,188,34.60%
G,3893274,71,91.50%
CA,3893402,97,49.50%
C,3895147,108,63.00%
G,3895149,108,63.00%
C,3895160,108,37.00%
G,3895162,108,37.00%
CAG,3895952,9,88.90%
AG,3896265,33,39.40%
CTG,3897422,221,52.90%
CAG,3897434,221,46.60%
C,3897772,22,40.90%
G,3897774,22,40.90%
CT,3897899,42,45.20%
CAG,3897911,42,54.80%
CAG,3898586,29,75.90%
CTG,3899052,172,41.30%
C,3899063,172,58.10%
G,3899065,172,58.70%
CTG,3899528,8,25.00%
CAG,3899540,8,75.00%
CTG,3900560,58,65.50%
CAG,3900572,58,32.80%
CTG,3902384,53,30.20%
CAG,3902396,53,69.80%
CT,3902808,60,25.00%
G,3902822,60,75.00%
CT,3903102,13,46.20%
CAG,3903114,13,30.80%
CT,3903290,101,56.40%
CAG,3903302,101 -> 103,28.2% -> 28.7%
CAG,3903455,73 -> 75,49.3% -> 50.7%
C,3903591,130,49.20%
G,3903593,130,49.20%
AG,3903604,130,50.80%
CTG,3904196,35,62.90%
AG,3904209,35,28.60%
CAG,3905917,14 -> 15,26.7% -> 28.6%
CA,3906029,18,100.00%
G,3907543,10,100.00%
CTG,3907898,45,51.10%
CAG,3907910,45,48.90%
CTG,3908476,22,50.00%
CAG,3908488,22,50.00%
CTG,3909748,6,50.00%
CA,3909760,6,50.00%
CA,3910522,249,87.10%
C,3912150,8,25.00%
AG,3912162,8,25.00%
CTG,3912857,75,40.00%
G,3912871,75,60.00%
TG,3913189,6,33.30%
CAG,3913200,6,66.70%
CTG,3915197,5,100.00%
T,3920962,85,40.00%
C,3920973,85,60.00%
CTG,3922270,25,52.00%
CAG,3922282,25,48.00%
CTG,3923580,96,39.60%
CA,3923592,98,58.20%
C,3923721,21,33.30%
G,3923723,21,33.30%
AG,3925051,78,82.10%
CAG,3925821,85,80.00%
CT,3926820,12,83.30%
CT,3928888,52,48.10%
G,3928902,52,51.90%
C,3929391,61,54.10%
G,3929393,61,54.10%
AG,3929404,61,45.90%
CTG,3931985,263,42.60%
G,3931999,265,55.50%
CAG,3932588,10,80.00%
G,3933235,261,49.00%
C,3933245,261,51.00%
G,3933247,261,51.00%
CTG,3933729,158,51.30%
CAG,3933741,158,48.70%
C,3934104,21,81.00%
CT,3934945,8,50.00%
CAG,3934957,8,50.00%
TG,3939676,10,50.00%
C,3939687,10,50.00%
G,3939689,10,50.00%
C,3943665,5,40.00%
G,3943667,5,40.00%
CAG,3943677,5,60.00%
CTG,3945541,7,71.40%
C,3945553,7,28.60%
TG,3946691,9,33.30%
CAG,3946702,9,44.40%
G,3953934,12,66.70%
CTG,3954290,19,31.60%
AG,3954303,19,68.40%
CTG,3956413,22,100.00%
CTG,3956964,11,36.40%
CAG,3956976,11,63.60%
G,3957644,24,58.30%
AG,3957655,24,25.00%
C,3961649,21,42.90%
G,3961651,21,42.90%
A,3961662,21,52.40%
CTG,3964272,139,54.70%
CAG,3964284,139,45.30%
CT,3965224,68,39.70%
C,3965236,68,60.30%
G,3965238,68,60.30%
G,3966621,120,33.30%
C,3966631,120,66.70%
G,3966633,120,66.70%
CTG,3967261,99,73.70%
G,3967275,99,25.30%
C,3967555,200,54.50%
G,3967557,200,55.00%
CTG,3967567,162,44.40%
CAG,3967579,161 -> 162,27.8% -> 28.0%
G,3971026,35,28.60%
CA,3971036,35,71.40%
CT,3971543,142,72.50%
CAG,3971555,142,27.50%
AG,3972326,49,77.60%
CTG,3972804,188,53.20%
CAG,3972816,188,46.80%
TG,3973820,23,52.20%
AG,3973832,23,43.50%
CTG,3976926,31,54.80%
C,3976938,31,41.90%
G,3976940,31,45.20%
G,3978289,96,46.90%
AG,3978300,96,53.10%
CTG,3978609,178,64.60%
CAG,3978621,178,34.80%
T,3979741,40,32.50%
CA,3979752,40,67.50%
CTG,3985600,62,74.20%
CA,3985612,62,25.80%
CAG,3987119,15,93.30%
C,3987531,26,53.80%
G,3987533,26,53.80%
C,3987543,26,46.20%
G,3987545,26,46.20%
CTG,3988142,10,80.00%
CT,3988637,99,71.70%
CAG,3988649,101,25.70%
AG,3989345,6,100.00%
G,3989587,40,57.50%
CAG,3989597,40,42.50%
C,3990129,6,50.00%
G,3990131,6,50.00%
CA,3990597,14,92.90%
CA,3995023,6,83.30%
TG,3995551,69,46.40%
CAG,3995562,69,53.60%
CTG,3997096,163,48.50%
CAG,3997108,163,51.50%
T,3997759,36,72.20%
G,3997772,36,27.80%
CTG,4000750,8,100.00%
CTG,4001359,98,30.60%
CAG,4001371,98,68.40%
CTG,4001828,25,72.00%
CAG,4001840,25,28.00%
TG,4004810,9,88.90%
C,4005967,74,47.30%
G,4005969,74,47.30%
CAG,4005979,74,50.00%
C,4007641,50,68.00%
CAG,4007653,50,32.00%
CT,4007875,5,100.00%
CT,4009538,86,40.70%
C,4009550,86,59.30%
G,4009552,86,59.30%
CT,4012584,61,42.60%
C,4012596,61,57.40%
G,4012598,61,57.40%
C,4012943,120,39.20%
G,4012945,120,39.20%
AG,4012956,120,60.80%
TG,4014372,152,27.00%
CAG,4014383,152,73.00%
C,4017951,90,55.60%
CAG,4017963,90,44.40%
CTG,4018987,6,83.30%
CTG,4019813,7,42.90%
CAG,4019825,7,57.10%
TG,4023005,305,32.10%
CAG,4023016,305,67.50%
CTG,4023725,221,55.20%
CAG,4023737,221,44.30%
CAG,4024381,21,61.90%
CA,4024560,62,98.40%
CTG,4024668,84,100.00%
C,4024909,126,39.70%
G,4024911,125,40.00%
CAG,4024922,124 -> 125,56.8% -> 57.3%
CTG,4029843,23,65.20%
CA,4029856,23,34.80%
CTG,4031875,155,51.60%
C,4031887,155,48.40%
G,4031889,155,48.40%
